ClubName,ClubNameShort,CountryName,LeagueName,ClubFMId
Fotbal Club FCSB,FCSB,Romania,Romanian First League,1513
FC CFR 1907 Cluj,CFR Cluj,Romania,Romanian First League,7540205
U Craiova 1948 CS,Universitatea Craiova,Romania,Romanian First League,57111101
Fotbal Club Viitorul Constanţa,FC Viitorul,Romania,Romanian First League,57047936
AFC Astra Giurgiu,Astra Giurgiu,Romania,Romanian First League,57110823
FC Dinamo 1948 Bucureşti,Dinamo Bucureşti,Romania,Romanian First League,1500
CS Gaz Metan Mediaş,Gaz Metan Mediaş,Romania,Romanian First League,138153
AFC Botoşani,FC Botoşani,Romania,Romanian First League,7540447
ACS Sepsi OSK Sfântu Gheorghe,Sepsi OSK,Romania,Romanian First League,57110237
CSM Politehnica Iaşi,CSM Poli Iaşi,Romania,Romanian First League,57086204
AFC Hermannstadt Sibiu,FC Hermannstadt,Romania,Romanian First League,57143011
AFC Chindia Târgovişte,Chindia Târgovişte,Romania,Romanian First League,57066631
FC Voluntari,FC Voluntari,Romania,Romanian First League,57065222
AS FC Universitatea Cluj,U Cluj,Romania,Romanian Second League,1515
FC Academica Clinceni,Academica Clinceni,Romania,Romanian First League,57141886
CS Concordia Chiajna,Concordia Chiajna,Romania,Romanian Second League,57000252
AFC Dunărea 2005 Călăraşi,Dunărea Călăraşi,Romania,Romanian Second League,57000258
ACS Petrolul 52 Ploieşti,Petrolul Ploieşti,Romania,Romanian Second League,57151160
Fotbal Club Rapid 1923,FC Rapid,Romania,Romanian Second League,57171586
ACS Campionii FC Argeş,FC Argeş,Romania,Romanian Second League,1502
AFC UTA Arad,UTA Arad,Romania,Romanian Second League,57113687
ASSCS Farul Constanţa,Farul Constanţa,Romania,Romanian Second League,57150853
CS Mioveni,,Romania,Romanian Second League,57080206
CS Pandurii Lignitul Târgu Jiu,Pandurii Târgu Jiu,Romania,Romanian Second League,7540061
AFC Ripensia Timişoara,Ripensia,Romania,Romanian Second League,7546743
ASC Daco-Getica Bucureşti,Daco-Getica,Romania,Romanian Second League,7540450
SCM Gloria Buzău,Gloria Buzău,Romania,Romanian Second League,57174340
AFK Csikszereda Miercurea Ciuc,Csikszereda,Romania,Romanian Second League,57110301
ASU Politehnica Timişoara,ASU Politehnica,Romania,Romanian Second League,57099588
Clubul Sportiv Muncitoresc Reşiţa,CSM Reşiţa,Romania,Romanian Second League,57131211
AFC Turris-Oltul Turnu Măgurele,Turris Turnu Măgurele,Romania,Romanian Second League,57057253
ACS Viitorul Pandurii Târgu Jiu,Viitorul Târgu Jiu,Romania,Romanian Second League,57057268
CS Aerostar Bacău,Aerostar Bacău,Romania,Romanian Third League Group 1,7540445
FC Metaloglobus Bucureşti,Metaloglobus,Romania,Romanian Second League,57061123
ACS Dacia Unirea Brăila,Dacia Unirea Brăila,Romania,Romanian Third League Group 2,57139475
CS Luceafărul Oradea,Luceafărul Oradea,Romania,Romanian Third League Group 5,57044148
CS Baloteşti,,Romania,Romanian Third League Group 3,57057245
U Craiova 1948 SA,FC U Craiova,Romania,Romanian Third League Group 4,57170797
ACS Suporter Club Oţelul Galaţi,Oţelul Galaţi,Romania,Romanian Third League Group 1,57152989
CS Sportul Snagov,Sportul Snagov,Romania,Romanian Second League,57169223
ACS Foresta Suceava,Foresta Suceava,Romania,Romanian Third League Group 1,57031881
ACS Poli Timişoara,,Romania,Romanian Third League Group 4,57102772
Fotbal Club FCSB II,FCSB II,Romania,Romanian Third League Group 2,7543791
FC Voluntari II,,Romania,Romanian Third League Group 3,57071690
AFC Unirea 1924,Unirea Alba Iulia,Romania,Romanian Third League Group 5,57142845
ACSM Ceahlăul Piatra Neamţ,Ceahlăul Piatra Neamţ,Romania,Romanian Third League Group 1,57151105
CSC Dumbrăviţa,,Romania,Romanian Third League Group 4,57065617
U Craiova 1948 CS II,Universitatea Craiova II,Romania,Romanian Third League Group 3,57117617
FC CFR 1907 Cluj II,CFR Cluj II,Romania,Romanian Third League Group 5,57022261
AFC Astra II,Astra II,Romania,Romanian Third League Group 3,57113824
CSM Alexandria,,Romania,Romanian Third League Group 3,57048549
CS Afumaţi,,Romania,Romanian Third League Group 2,57057243
ACS Unu Fotbal Club Gloria,Gloria Bistriţa,Romania,Romanian Third League Group 5,57086421
CS Ştiinţa Miroslava,Ştiinţa Miroslava,Romania,Romanian Third League Group 1,57072161
AFC Metalurgistul Cugir 1939,Metalurgistul Cugir,Romania,Romanian Third League Group 5,57050185
AFC Progresul 1944 Spartac,Progresul Spartac,Romania,Romanian Third League Group 3,57031764
AFC Unirea 04 Slobozia,Unirea Slobozia,Romania,Romanian Third League Group 2,57000777
LPS Cetate Deva,Cetate Deva,Romania,Romanian Third League Group 4,57072027
ACS Olimpic Cetate Râşnov,CS Râşnov,Romania,Romanian Third League Group 3,57024436
ACS Industria Galda,Industria Galda,Romania,Romanian Third League Group 5,57065137
AFC Metalul Buzău,Metalul Buzău,Romania,Romanian Third League Group 2,57050239
CSM Bucovina Rădăuţi,Bucovina Rădăuţi,Romania,Romanian Third League Group 1,57048690
ACS Fotbal Comuna Recea,Comuna Recea,Romania,Romanian Third League Group 5,57110352
CS Naţional Sebiş,Naţional Sebiş,Romania,Romanian Third League Group 4,57018687
CSM Flacăra Moreni,Flacăra Moreni,Romania,Romanian Third League Group 3,7546430
CS Sănătatea Servicii Publice Cluj-Napoca,Sănătatea Cluj,Romania,Romanian Third League Group 5,57015312
SC Popeşti-Leordeni,SC Popeşti Leordeni,Romania,Romanian Third League Group 2,57113519
CS Sporting Lieşti,Sporting Lieşti,Romania,Romanian Third League Group 1,57071961
ACS Înainte Modelu,Înainte Modelu,Romania,Romanian Third League Group 2,57076759
CS Tunari,,Romania,Romanian Third League Group 2,57053599
CS Şoimii Lipova,Şoimii Lipova,Romania,Romanian Third League Group 4,57048425
CSM Slatina,,Romania,Romanian Third League Group 3,57055056
CS Gloria Lunca-Teuz Cermei,Lunca Teuz,Romania,Romanian Third League Group 4,57115741
ACS KSE Târgu Secuiesc,KSE Târgu Secuiesc,Romania,Romanian Third League Group 1,57142945
AS FC Agricola Borcea,Agricola Borcea,Romania,Romanian Third League Group 2,57076763
ACSO Filiaşi,CSO Filiaşi,Romania,Romanian Third League Group 4,57088202
CSM Avântul Reghin,Avântul Reghin,Romania,Romanian Third League Group 5,57000781
CSM Focşani 2007,CSM Focşani,Romania,Romanian Third League Group 1,7540044
CS Făurei,,Romania,Romanian Third League Group 2,57065245
CS Minaur Baia Mare,Minaur Baia Mare,Romania,Romanian Third League Group 5,57175414
CSM Paşcani,,Romania,Romanian Third League Group 1,57049834
CSC Ghiroda şi Giarmata Vii,CSC Ghiroda,Romania,Romanian Third League Group 4,57107762
ACS Flacăra Horezu,Flacăra Horezu,Romania,Romanian Third League Group 4,57065639
CSA Axiopolis Sport Cernavodă,Axiopolis Cernavodă,Romania,Romanian Third League Group 2,57061158
ACS Vediţa Coloneşti M.S.,Vediţa Coloneşti,Romania,Romanian Third League Group 3,57129123
AFC Odorheiu Secuiesc,Odorheiu Secuiesc,Romania,Romanian Third League Group 5,57062710
CS Hunedoara,,Romania,Romanian Third League Group 4,57153289
ACS Unirea Bascov,Unirea Bascov,Romania,Romanian Third League Group 3,57127415
CS Medgidia,,Romania,Romanian Third League Group 2,57174838
ACS SR Municipal Braşov,SR Braşov,Romania,Romanian Third League Group 3,57172393
ACS Sticla Arieşul Turda,Sticla Arieşul,Romania,Romanian Third League Group 5,57031221
AS FC Pucioasa,FC Pucioasa,Romania,Romanian Third League Group 3,57080814
AS Fortuna Becicherecu Mic,Fortuna Becicherecu Mic,Romania,Romanian Third League Group 4,57154460
FC Unirea Dej,Unirea Dej,Romania,Romanian Third League Group 5,7542454
SCM Zalău,,Romania,Romanian Third League Group 5,57207780
AFC Botoşani II,Botoşani II,Romania,Romanian Third League Group 1,57000095
CS Crişul Chişineu Criş,Crişul Chişineu Criş,Romania,Romanian Third League Group 4,57048447
FC Ozana Târgu Neamţ,Ozana Târgu Neamţ,Romania,Romanian Third League Group 1,57190089
ACS Şomuz Fălticeni,Şomuz Fălticeni,Romania,Romanian Third League Group 1,57121813
ACS Mostiştea Ulmu,Mostiştea Ulmu,Romania,Romanian Third League Group 2,57174375
CSC Sânmartin,,Romania,Romanian Third League Group 5,57069271
CS Sporting Roşiori 2008,Sporting Roşiori,Romania,Romanian Third League Group 3,57048718
CS Viitorul Dăeşti,Viitorul Dăeşti,Romania,Romanian Third League Group 4,57121993
CS Blejoi,,Romania,Romanian Third League Group 3,57080965
CS Viitorul Ianca,Viitorul Ianca,Romania,Romanian Third League Group 2,57048678
CSM Bacău,,Romania,Romanian Third League Group 1,57189775
ACS Universitatea Dunărea de Jos Galaţi,CS U Galaţi,Romania,Romanian Third League Group 1,57174956
CS Gilortul Târgu Cărbuneşti,Gilortul Târgu Cărbuneşti,Romania,Romanian Third League Group 4,7540072
CS Poseidon 2 Mai Limanu,Poseidon Limanu,Romania,Romanian Third League Group 2,57190300
ACS Tractorul Cetate,Tractorul Cetate,Romania,Romanian Third League Group 3,57142959
ACS Viitorul Şelimbăr,Viitorul Şelimbăr,Romania,Romanian Third League Group 5,57159498
ACS Huşana Huşi,Huşana Huşi,Romania,Romanian Third League Group 1,57174325
ACS Recolta Gheorghe Doja,Recolta Gheorghe Doja,Romania,Romanian Third League Group 2,57072054
Energia Negreşti,,Romania,Romanian Fourth League Satu Mare,7542203
CSM Râmnicu Sărat,,Romania,Romanian Fourth League Buzău,7543265
CS Strehaia,,Romania,Romanian Fourth League Mehedinţi,57065486
ACS Floreşti,,Romania,Romanian Fourth League Cluj,57156430
Unirea 08 Tăşnad,Unirea Tăşnad,Romania,Romanian Fourth League Satu Mare,57068914
CSO Viitorul Liteni,Liteni,Romania,Romanian Fourth League Suceava,57061221
AFC Viitorul Albeşti,Viitorul Albeşti,Romania,Romanian Fourth League Botoşani,57048644
Talna Oraşu Nou,Oraşu Nou,Romania,Romanian Fourth League Satu Mare,57068880
ACS Pescăruşul Sarichioi Junior,Sarichioi,Romania,Romanian Fourth League Tulcea,57065631
CS Iernut,,Romania,Romanian Fourth League Mureş,57061192
ACS FC Avrig,FC Avrig,Romania,Romanian Fourth League Sibiu,57061218
CS Viitorul Ulmeni,Viitorul Ulmeni,Romania,Romanian Fourth League Maramureş,57110356
AS Căpleni,,Romania,Romanian Fourth League Satu Mare,57191027
ACS Viitorul Domneşti,Viitorul Domneşti,Romania,Romanian Fourth League Ilfov,57065176
CSM FC Vaslui,FC Vaslui,Romania,Romanian Fourth League Vaslui,57189540
ACS Voinţa Budeasa,Voinţa Budeasa,Romania,Romanian Fourth League Argeş,57188350
ACS Sportul Chiscani,Sportul Chiscani,Romania,Romanian Fourth League Brăila,57065241
ACS Progresul Pecica,Progresul Pecica,Romania,Romanian Third League Group 4,57048456
CS Millenium Giarmata,Giarmata,Romania,Romanian Fourth League Timiş,57050300
CSM Satu Mare,,Romania,Romanian Fourth League Satu Mare,57191025
CS Argeşul 2009 Mihăileşti,Argeşul Mihăileşti,Romania,Romanian Fourth League Giurgiu,57050228
CS Minerul Rodna,Minerul Rodna,Romania,Romanian Fourth League Bistriţa-Năsăud,57050190
AS Galambfalva Porumbenii Mari,Porumbenii Mari,Romania,Romanian Fourth League Harghita,57190792
CS Speranţa Răuceşti,Răuceşti,Romania,Romanian Fourth League Neamţ,57072372
AFC Hărman,Hărman,Romania,Romanian Fourth League Braşov,57014874
AS Bradu Borca,Bradu Borca,Romania,Romanian Fourth League Neamţ,57121774
ACS Team Săgeata,Team Săgeata,Romania,Romanian Fourth League Buzău,57155990
AS Gloria 2015 Corneşti,Gloria 2015 Corneşti,Romania,Romanian Fourth League Dâmboviţa,57142951
CS Real Bradu,Real Bradu,Romania,Romanian Fourth League Argeş,57172837
ACS Avântul Bârsana,Avântul Bârsana,Romania,Romanian Fourth League Maramureş,57072332
Moldova Cristeşti,,Romania,Romanian Fourth League Iaşi,57171163
CS Dunărea Calafat,Dunărea Calafat,Romania,Romanian Fourth League Dolj,57002787
AFC Voinţa Lupac,Lupac,Romania,Romanian Fourth League Caraş-Severin,57048156
CS Gheorgheni - VSK Gheorgheni,Gheorgheni,Romania,Romanian Fourth League Harghita,57175106
CS Ocna Mureş,Ocna Mureş,Romania,Romanian Fourth League Alba,57036170
ACSM Olteniţa,CSM Olteniţa,Romania,Romanian Fourth League Călăraşi,57086449
CSO Retezatul Haţeg,Retezatul,Romania,Romanian Fourth League Hunedoara,57048072
ASC Olimpic Zărneşti,ASC Zărneşti,Romania,Romanian Fourth League Braşov,57071671
AS Viitorul Curiţa,Viitorul Curiţa,Romania,Romanian Fourth League Bacău,57142874
CSM Lugoj,,Romania,Romanian Fourth League Timiş,57141893
CS Măgurele,,Romania,Romanian Fourth League Ilfov,57175323
ACSO Viitorul Pantelimon,Viitorul Pantelimon,Romania,Romanian Fourth League Ilfov,57175353
ACS FC Păpăuţi,FC Păpăuţi,Romania,Romanian Fourth League Covasna,57061162
ACS Ştiinţa Turceni,Turceni,Romania,Romanian Fourth League Gorj,57061175
ACS Viitorul Dragomireşti Vale,Viitorul Dragomireşti,Romania,Romanian Fourth League Ilfov,57061179
AS Recolta Gura Şuţii,Recolta Gura Şuţii,Romania,Romanian Fourth League Dâmboviţa,57071933
Unirea Mirceşti,,Romania,Romanian Fourth League Iaşi,57072165
CSA Steaua Bucureşti,CSA Steaua,Romania,Romanian Fourth League Bucureşti,57141891
AS Flacăra Erbiceni,Erbiceni,Romania,Romanian Fourth League Iaşi,57152150
CS Progresul Năsăud,Progresul Năsăud,Romania,Romanian Fourth League Bistriţa-Năsăud,57048710
AS Minerul Costeşti,Minerul Costeşti,Romania,Romanian Fourth League Vâlcea,57143081
ACS Viitorul Şimian,Viitorul Şimian,Romania,Romanian Fourth League Mehedinţi,57143035
CSM Victoria Carei,,Romania,Romanian Fourth League Satu Mare,57034210
Viitorul Fîntînele,,Romania,Romanian Fourth League Constanţa,57142937
FC Pojorâta,,Romania,Romanian Fourth League Suceava,57175649
CS Dumbrava Gâlgău-Almaşului,Dumbrava Gâlgău,Romania,Romanian Fourth League Sălaj,57048699
CS Progresul Şomcuta Mare,Şomcuta Mare,Romania,Romanian Fourth League Maramureş,57065525
CS Rapid Buzescu,Rapid Buzescu,Romania,Romanian Fourth League Teleorman,57065610
CS Ciorogârla,,Romania,Romanian Fourth League Ilfov,57086505
ACS FC Someşul Dej,Someşul Dej,Romania,Romanian Fourth League Cluj,57188405
CS Petrolul Bustuchin,Petrolul Bustuchin,Romania,Romanian Fourth League Gorj,57190323
Vitis Şuletea,,Romania,Romanian Fourth League Vaslui,57072487
CS Năvodari,,Romania,Romanian Fourth League Constanţa,7540031
ACS Metropolitan Işalniţa,Metropolitan Işalniţa,Romania,Romanian Fourth League Dolj,57139479
FC Panciu,Panciu,Romania,Romanian Fourth League Vrancea,57030511
Gloria Albeşti,,Romania,Romanian Fourth League Constanţa,57061159
Sportul Ciorăşti,,Romania,Romanian Fourth League Vrancea,57175747
CS Voinţa Lanurile,Lanurile,Romania,Romanian Fourth League Buzău,57057207
CS Victoria Traian,Victoria Traian,Romania,Romanian Fourth League Brăila,57057203
CS Inter Petrila,Inter Petrila,Romania,Romanian Fourth League Hunedoara,57065391
AS Voinţa Stremţ,Stremţ,Romania,Romanian Fourth League Alba,57171574
ACS Flacăra Mihail Kogălniceanu,,Romania,Romanian Fourth League Tulcea,57061227
CS Silvicultorul Maieru,Silvicultorul Maieru,Romania,Romanian Fourth League Bistriţa-Năsăud,57061100
Zimbrul Slobozia Conachi,,Romania,Romanian Fourth League Galaţi,57142965
AS Unirea Lueta,Unirea Lueta,Romania,Romanian Fourth League Harghita,57190791
ACS Carani,,Romania,Romanian Fourth League Timiş,57127425
CS Cârcea,,Romania,Romanian Fourth League Dolj,57190461
CS Măgura Cisnădie,,Romania,Romanian Fourth League Sibiu,57118378
CS Vulturii Fărcăşeşti,Vulturii Fărcăşeşti,Romania,Romanian Fourth League Gorj,57175068
ACS Inter Dorohoi,Inter Dorohoi,Romania,Romanian Fourth League Botoşani,57135405
AS Recolta Dănceu,Recolta Dănceu,Romania,Romanian Fourth League Mehedinţi,57065482
AFC Singureni,,Romania,Romanian Fourth League Giurgiu,57065377
Rapid Jibou,,Romania,Romanian Fourth League Sălaj,57048730
AS Unirea Cristuru Secuiesc,Unirea Cristuru Secuiesc,Romania,Romanian Fourth League Harghita,57050175
AS FC Bărăganul Ciulniţa,Ciulniţa,Romania,Romanian Fourth League Ialomiţa,57072060
Victoria Munteni Buzău,,Romania,Romanian Fourth League Ialomiţa,57072039
CSM Mihai Viteazu Vulcan,Mihai Viteazu Vulcan,Romania,Romanian Fourth League Hunedoara,57174048
CS CIL Blaj,CIL Blaj,Romania,Romanian Fourth League Alba,57048079
CSA Aurul Brad,Aurul Brad,Romania,Romanian Fourth League Hunedoara,57032378
FC Dinamo Bacău,Dinamo Bacău,Romania,Romanian Fourth League Bacău,57174332
FC Racova Puşcaşi,,Romania,Romanian Fourth League Vaslui,57174328
ACS Atletico Monor,Atletico Monor,Romania,Romanian Fourth League Bistriţa-Năsăud,57107712
FC Bolintin Malu Spart 2017,Bolintin Malu Spart,Romania,Romanian Fourth League Giurgiu,57065347
ACS Ştiinţa Danubius Bechet,Bechet,Romania,Romanian Fourth League Dolj,57071950
Flacăra Muntenii de Sus,,Romania,Romanian Fourth League Vaslui,57120345
AS FC Precizia Săcele,Săcele,Romania,Romanian Fourth League Braşov,57118682
Unirea Ţifeşti,,Romania,Romanian Fourth League Vrancea,57061230
CSM Moineşti,,Romania,Romanian Fourth League Bacău,7540049
CS Zlatna,,Romania,Romanian Fourth League Alba,7540063
AS Şoimii Topolog,Şoimii Topolog,Romania,Romanian Fourth League Tulcea,57159519
CS Unirea Ţigăneşti,Unirea Ţigăneşti,Romania,Romanian Fourth League Teleorman,57072567
FC Petrolul Ţicleni,Petrolul Ţicleni,Romania,Romanian Fourth League Gorj,57159173
CS Progresul Bucureşti 2005,Progresul 2005,Romania,Romanian Fourth League Bucureşti,57155845
Unirea Ruginoasa,Ruginoasa,Romania,Romanian Fourth League Iaşi,57072155
ACS Mureşul Luduş,Mureşul Luduş,Romania,Romanian Fourth League Mureş,57050183
AFC Băneşti-Urleta,Băneşti Urleta,Romania,Romanian Fourth League Prahova,57061205
ACS Unirea Sîntana,Unirea Sîntana,Romania,Romanian Fourth League Arad,57048390
CS Lipniţa Carvăn,Lipniţa Carvăn,Romania,Romanian Fourth League Constanţa,57065049
CS UZU Dărmăneşti,UZU Dărmăneşti,Romania,Romanian Fourth League Bacău,57069387
AS Unirea Iclod,Unirea Iclod,Romania,Romanian Fourth League Cluj,57172976
CS Energia Remuş,Energia Remuş,Romania,Romanian Fourth League Giurgiu,57175287
ACS Păltiniş Răşinari,Răşinari,Romania,Romanian Fourth League Sibiu,57118379
AS Colibaşi,,Romania,Romanian Fourth League Argeş,57172818
CS Gloria Iveşti,Gloria Iveşti,Romania,Romanian Fourth League Galaţi,57057235
ACS Victoria Buzoeşti,Victoria Buzoeşti,Romania,Romanian Fourth League Argeş,57107697
CS FC Dinamo Bucureşti,CS Dinamo,Romania,Romanian Fourth League Bucureşti,57141885
ACS Ajax Botoroaga,Ajax Botoroaga,Romania,Romanian Fourth League Teleorman,57088291
CS Gloria al Oraşului Geoagiu,Gloria Geoagiu,Romania,Romanian Fourth League Hunedoara,57065452
CS Cornu,,Romania,Romanian Fourth League Prahova,57120208
Gloria Băneasa,,Romania,Romanian Fourth League Constanţa,57061157
ACS Periş,,Romania,Romanian Fourth League Ilfov,57072127
CS Agigea,,Romania,Romanian Fourth League Constanţa,57069157
CS Petrolistul Boldeşti,Petrolistul,Romania,Romanian Fourth League Prahova,57030950
ACS Oltul Curtişoara,,Romania,Romanian Fourth League Olt,57114221
Petrolul Potcoava,,Romania,Romanian Fourth League Olt,57061202
CS Cozia Călimăneşti,Cozia Călimăneşti,Romania,Romanian Fourth League Vâlcea,57061233
Fortuna Căpleni,,Romania,Romanian Fourth League Satu Mare,57068937
Victoria Gugeşti,Gugeşti,Romania,Romanian Fourth League Vrancea,57072432
Schamagosch Ciumeşti,,Romania,Romanian Fourth League Satu Mare,57121943
ACS Bucharest United,Bucharest United,Romania,Romanian Fourth League Bucureşti,57188320
CS Unirea Ungheni 2018,Unirea Ungheni,Romania,Romanian Fourth League Mureş,57034797
ACS Juniorul Suceava,Juniorul Suceava,Romania,Romanian Fourth League Suceava,57175644
CS Jiul Rovinari 2016,Jiul Rovinari 2016,Romania,Romanian Fourth League Gorj,57159175
CSO Plopeni,,Romania,Romanian Fourth League Prahova,57048269
ACS CAO 1910 Oradea,CAO Oradea,Romania,Romanian Fourth League Bihor,57189800
ACS Viitorul Nicolae Bălcescu,Nicolae Bălcescu,Romania,Romanian Fourth League Bacău,57069377
AS Voinţa Livezile,Voinţa Livezile,Romania,Romanian Fourth League Bistriţa-Năsăud,57048709
CSO Baraolt,,Romania,Romanian Fourth League Covasna,57071819
CS Sporting Piteşti,Sporting Piteşti,Romania,Romanian Fourth League Argeş,57007494
CS Olimpia Aiud,Olimpia Aiud,Romania,Romanian Fourth League Alba,57061067
ACS Viitorul Sântimbru,Sântimbru,Romania,Romanian Fourth League Alba,57059828
ACS Granitul Babadag,Babadag,Romania,Romanian Fourth League Tulcea,57061226
CS Pandurii Cerneţi,Cerneţi,Romania,Romanian Fourth League Mehedinţi,57061189
ACS Unirea Tricolor Dăbuleni,Dăbuleni,Romania,Romanian Fourth League Dolj,57061171
CS Oraviţa,Oraviţa,Romania,Romanian Fourth League Caraş-Severin,57050284
AS Unirea Tomşani,Unirea Tomşani,Romania,Romanian Fourth League Vâlcea,57122011
AS Stejarul Vlădeşti 2009,Stejarul Vlădeşti,Romania,Romanian Fourth League Vâlcea,57121997
AS Progresul Frătăuţii Vechi,Frătăuţii Vechi,Romania,Romanian Fourth League Suceava,57121873
ACS Heniu Leşu,Heniu Leşu,Romania,Romanian Fourth League Bistriţa-Năsăud,57114211
CS Cumpăna,,Romania,Romanian Fourth League Constanţa,57190299
ACS TransDor Tudora,TransDor,Romania,Romanian Fourth League Botoşani,57116012
ASC Ciucaş Tărlungeni,Ciucaş Tărlungeni,Romania,Romanian Fourth League Braşov,57164166
ACS Poiana Lacului,Poiana Lacului,Romania,Romanian Fourth League Argeş,57154110
ACS CSM Câmpia Turzii,CSM Câmpia Turzii,Romania,Romanian Fourth League Cluj,57172981
Ştiinţa Beltiug,,Romania,Romanian Fourth League Satu Mare,57143063
AFC Dunărea Ciocăneşti,Dunărea Ciocăneşti,Romania,Romanian Fourth League Călăraşi,57076741
AS Naţional Somova,Somova,Romania,Romanian Fourth League Tulcea,57072535
ACS Jiul Podari,Jiul Podari,Romania,Romanian Fourth League Dolj,57171065
AS Roberto Ziduri,Ziduri,Romania,Romanian Fourth League Dâmboviţa,57172904
ACS Sporting Apahida,Sporting Apahida,Romania,Romanian Fourth League Cluj,57172968
AFC Unirea Mânăstirea,,Romania,Romanian Fourth League Călăraşi,57076745
AS Avântul Zărneşti,Avântul Zărneşti,Romania,Romanian Fourth League Buzău,57076876
CS Frontiera Curtici 2004,Frontiera Curtici,Romania,Romanian Fourth League Arad,57044164
ACS Şoimul Băiţa,Şoimul Băiţa,Romania,Romanian Fourth League Hunedoara,57081224
FC Voluntari III,,Romania,Romanian Fourth League Ilfov,57142132
ACSSC Chimia 1973 Rm. Vâlcea,Chimia Rm. Vâlcea,Romania,Romanian Fourth League Vâlcea,57133747
CS Roseal Odorheiu Secuiesc,Roseal,Romania,Romanian Fourth League Harghita,57048370
ACSM Codlea,,Romania,Romanian Fourth League Braşov,57116097
CS Internaţional Băleşti,Internaţional Băleşti,Romania,Romanian Fourth League Gorj,57065427
ACS Unirea Miercurea-Sibiului,,Romania,Romanian Fourth League Sibiu,57105124
AS Giganţii Vărăşti,Giganţii Vărăşti,Romania,Romanian Fourth League Giurgiu,57159170
Sportul Şimleu Silvaniei,Şimleu Silvaniei,Romania,Romanian Fourth League Sălaj,57110371
Crasna Moftinu Mic,Moftinu Mic,Romania,Romanian Fourth League Satu Mare,57121941
AS Voinţa Oituz,Oituz,Romania,Romanian Fourth League Bacău,57061081
Turul Micula,,Romania,Romanian Fourth League Satu Mare,57015198
ACS Hebe Sîngeorz Băi,Hebe Sîngeorz Băi,Romania,Romanian Fourth League Bistriţa-Năsăud,57072093
Unirea Radomireşti,,Romania,Romanian Fourth League Olt,57191013
CS DLR Piteşti,DLR Piteşti,Romania,Romanian Fourth League Argeş,57061071
Tractorul Năneşti,Năneşti,Romania,Romanian Fourth League Vrancea,57143108
ACS Colţea 1920 Braşov,Colţea 1920 Braşov,Romania,Romanian Fourth League Braşov,57161675
ACS Şomuzul Preuteşti,Şomuzul Preuteşti,Romania,Romanian Fourth League Suceava,57121871
CS Someşul Rebrişoara,Rebrişoara,Romania,Romanian Fourth League Bistriţa-Năsăud,57061099
Voinţa 2012 Băbiciu,Voinţa Băbiciu,Romania,Romanian Fourth League Olt,57110367
FC Brezoaele,Brezoaele,Romania,Romanian Fourth League Dâmboviţa,57110268
Speranţa Halmeu,,Romania,Romanian Fourth League Satu Mare,57191022
ACS Unirea Curteşti,Unirea Curteşti,Romania,Romanian Fourth League Botoşani,57174335
AS FC Urziceni,FC Urziceni,Romania,Romanian Fourth League Ialomiţa,57174505
CS Victoria Ţăndărei,Ţăndărei,Romania,Romanian Fourth League Ialomiţa,57059848
ACS Arieşul Mihai Viteazu,Arieşul Mihai Viteazu,Romania,Romanian Fourth League Cluj,57057223
CS Victoria Zăbrani,Victoria Zăbrani,Romania,Romanian Fourth League Arad,57069363
Luceafărul Decebal,,Romania,Romanian Fourth League Satu Mare,57068907
Viitorul Axintele,Axintele,Romania,Romanian Fourth League Ialomiţa,57065467
CSO Siretul Dolhasca,Siretul Dolhasca,Romania,Romanian Fourth League Suceava,57175636
Sparta Techirghiol,Techirghiol,Romania,Romanian Fourth League Constanţa,57071769
ACS Pobeda Star Bisnov,Pobeda Star Bisnov,Romania,Romanian Fourth League Timiş,57050304
CS Avântul Periam,Avântul Periam,Romania,Romanian Fourth League Timiş,57142144
ACS Comunal Recolta Dorolţ,Dorolţ,Romania,Romanian Fourth League Satu Mare,57061212
Victoria Horia,,Romania,Romanian Fourth League Neamţ,57061201
CF Abatorul Slobozia,Abatorul,Romania,Romanian Fourth League Ialomiţa,57015192
CS Inter Cristian,Inter Cristian,Romania,Romanian Fourth League Braşov,57048648
Atletic Club Bârlad,,Romania,Romanian Fourth League Vaslui,57159527
CS Mioveni II,,Romania,Romanian Fourth League Argeş,57100554
AS Prima Brăduţ,Prima Brăduţ,Romania,Romanian Fourth League Covasna,57061166
AS Farkaslaka Lupeni,Farkaslaka Lupeni,Romania,Romanian Fourth League Harghita,57190790
CS Barcău Nuşfalău,CS Barcău,Romania,Romanian Fourth League Sălaj,57048728
AFC Brebu,,Romania,Romanian Fourth League Prahova,57075288
ACS Eciro Forest Telciu,Eciro Forest,Romania,Romanian Fourth League Bistriţa-Năsăud,57065145
CS Unirea Tomnatic,Unirea Tomnatic,Romania,Romanian Fourth League Timiş,57049997
ACS Steagu Roşu Braşov,Steagu Roşu,Romania,Romanian Fourth League Braşov,57031433
CSO Teleajenul Vălenii de Munte,CSO Teleajenul,Romania,Romanian Fourth League Prahova,57120210
CSO Tricolorul Breaza,CSO Tricolorul,Romania,Romanian Fourth League Prahova,57120205
AFC Victoria Adunaţii Copăceni,Adunaţii Copăceni,Romania,Romanian Fourth League Giurgiu,57159171
Olteţul Osica,,Romania,Romanian Fourth League Olt,57159182
AFC Comprest GIM,Comprest GIM,Romania,Romanian Fourth League Bucureşti,57048619
CS Avântul Floreşti,Avântul Floreşti,Romania,Romanian Fourth League Giurgiu,57059843
CS Atletic Olimpia Gherla,Atletic Olimpia Gherla,Romania,Romanian Fourth League Cluj,57061150
CS Venus Independenţa,,Romania,Romanian Fourth League Călăraşi,57057211
AS Montana Pătârlagele,Pătârlagele,Romania,Romanian Fourth League Buzău,57065259
CSC Dudeştii Noi,Dudeştii Noi,Romania,Romanian Fourth League Timiş,57191002
AS Voinţa Gârleni,Voinţa Gârleni,Romania,Romanian Fourth League Bacău,57061080
AS Argeşul Hotarele,Hotarele,Romania,Romanian Fourth League Giurgiu,57117759
Unirea Braniştea,,Romania,Romanian Fourth League Galaţi,57057233
ACS Rapid Buchin,Buchin,Romania,Romanian Fourth League Caraş-Severin,57129923
AS Vulturul Măgireşti,Vulturul Măgireşti,Romania,Romanian Fourth League Bacău,57129875
Frohlich Foieni,,Romania,Romanian Fourth League Satu Mare,57068916
AFC Asalt Bucureşti,Asalt Bucureşti,Romania,Romanian Fourth League Bucureşti,57167683
CSM Dacia Orăştie 2010,Dacia Orăştie,Romania,Romanian Fourth League Hunedoara,57065444
AS Înfrăţirea Zoiţa,Zoiţa,Romania,Romanian Fourth League Buzău,57076872
AS Tineretul Morăreni,Tineretul Morăreni,Romania,Romanian Fourth League Harghita,57190796
ACS Astra Plosca,Astra Plosca,Romania,Romanian Fourth League Teleorman,57110375
AS Croaţia Clocotici,Clocotici,Romania,Romanian Fourth League Caraş-Severin,57107738
ACS Socodor,CS Socodor,Romania,Romanian Fourth League Arad,57155360
FC Bolintin Deal,Bolintin Deal,Romania,Romanian Fourth League Giurgiu,57159169
CS Sparta Mediaş,,Romania,Romanian Fourth League Sibiu,57000112
ACS Mureşul Ruşii Munţi,Mureşul Ruşii Munţi,Romania,Romanian Fourth League Mureş,57072305
AS Cetatea Homorod,Cetatea Homorod,Romania,Romanian Fourth League Braşov,57048654
ACS Voinţa Vişani,Vişani,Romania,Romanian Fourth League Brăila,57071640
CS Stejarul Bârnova,Stejarul Bârnova,Romania,Romanian Fourth League Iaşi,57143003
Voinţa Babţa,Babţa,Romania,Romanian Fourth League Satu Mare,57068925
ACS FC Sânsimion,Sânsimion,Romania,Romanian Fourth League Harghita,57142995
FC Lăpuşul Târgu Lăpuş,Lăpuşul,Romania,Romanian Fourth League Maramureş,57065527
AS Recolta Săliştea de Sus,Recolta Săliştea,Romania,Romanian Fourth League Maramureş,57072347
ACS Dunărea Grădiştea,,Romania,Romanian Fourth League Călăraşi,57076787
Real Andrid,,Romania,Romanian Fourth League Satu Mare,57068864
CS Pro Mureşul Topliţa,Pro Mureşul Topliţa,Romania,Romanian Fourth League Harghita,57142991
CS Măneşti 2013 Coada Izvorului,Măneşti,Romania,Romanian Fourth League Prahova,57153920
FC Rapid Brodoc,Rapid Brodoc,Romania,Romanian Fourth League Vaslui,57190748
AS Unirea Ungureni,Unirea Ungureni,Romania,Romanian Fourth League Dâmboviţa,57142947
AFC UTA Arad II,UTA Arad II,Romania,Romanian Fourth League Arad,57127505
AS Progresul Terezian Sibiu,Progresul Terezian,Romania,Romanian Fourth League Sibiu,57086577
Silvania Cehu Silvaniei,Cehu Silvaniei,Romania,Romanian Fourth League Sălaj,57061216
ACS Tricolorul Jegălia,Jegălia,Romania,Romanian Fourth League Călăraşi,57086465
CS Berceni,,Romania,Romanian Fourth League Ilfov,57159067
AS Olimpicii Ulmi,Olimpicii Ulmi,Romania,Romanian Fourth League Dâmboviţa,57170881
CS Glogovăţ 2013,CS Glogovăţ,Romania,Romanian Fourth League Arad,57142864
ACS Avântul Bragadiru,Avântul Bragadiru,Romania,Romanian Fourth League Teleorman,57143071
ACS Gloria Berevoieşti,Gloria Berevoieşti,Romania,Romanian Fourth League Argeş,57142870
ACS Drăgăneşti Vlaşca,Drăgăneşti Vlaşca,Romania,Romanian Fourth League Teleorman,57154235
ACS Raza de Soare Acăţari,Raza de Soare,Romania,Romanian Fourth League Mureş,57143043
Victoria Leţcani,Leţcani,Romania,Romanian Fourth League Iaşi,57107749
CS Podgoria Pâncota,Podgoria Pâncota,Romania,Romanian Fourth League Arad,57169868
AS Recolta Sălcioara,Recolta Sălcioara,Romania,Romanian Fourth League Buzău,57110206
ACS Sovata,,Romania,Romanian Fourth League Mureş,57175454
CS Viitorul Borş,,Romania,Romanian Fourth League Bihor,57082716
FC 2006 Partizan Crivăţ,Crivăţ,Romania,Romanian Fourth League Călăraşi,57076777
CS Păuleşti,,Romania,Romanian Fourth League Prahova,57075298
Oltul Slătioara,,Romania,Romanian Fourth League Olt,57075280
AFC Miceşti,,Romania,Romanian Fourth League Alba,57129838
ACS Prejmer,Prejmer,Romania,Romanian Fourth League Braşov,57119008
Victoria Apa,,Romania,Romanian Fourth League Satu Mare,57121930
AS Covasna,,Romania,Romanian Fourth League Covasna,57110239
CSM Fieni,,Romania,Romanian Fourth League Dâmboviţa,57065313
CS Moldova Nouă,Moldova Nouă,Romania,Romanian Fourth League Caraş-Severin,57009455
AS 2000 Bucecea,Bucecea,Romania,Romanian Fourth League Botoşani,57065203
AS Voinţa Saelele 2017,Voinţa Saelele,Romania,Romanian Fourth League Teleorman,57191036
CS Metalul Peretu,Peretu,Romania,Romanian Fourth League Teleorman,57061224
Stejarul Sineşti,Sineşti,Romania,Romanian Fourth League Iaşi,57053613
AS Sporting Odorheiu Secuiesc,Sporting Odorheiu,Romania,Romanian Fourth League Harghita,57190795
CS Victoria Chirnogi,Chirnogi,Romania,Romanian Fourth League Călăraşi,57053602
CS Păulişana Păuliş,Păulişana Păuliş,Romania,Romanian Fourth League Arad,57034810
CS Eforie,,Romania,Romanian Fourth League Constanţa,57031920
Someşul Someş Odorhei,,Romania,Romanian Fourth League Sălaj,57191017
ACS Nemere Ghelinţa,Nemere,Romania,Romanian Fourth League Covasna,57061163
AS Unirea Şişeşti,Unirea Şişeşti,Romania,Romanian Fourth League Maramureş,57072314
Gloria Bălţaţi,Bălţaţi,Romania,Romanian Fourth League Iaşi,57061183
AS Viitorul Vama Seacă,Viitorul Vama Seacă,Romania,Romanian Fourth League Alba,57188099
Muncitorul Ghidigeni,Ghidigeni,Romania,Romanian Fourth League Galaţi,57065321
CS Ineu,,Romania,Romanian Fourth League Arad,7542202
CSM Dierna Orşova,Dierna Orşova,Romania,Romanian Fourth League Mehedinţi,57050199
Viitorul Hârlău,,Romania,Romanian Fourth League Iaşi,57049859
CSM Feteşti,,Romania,Romanian Fourth League Ialomiţa,57190800
Quantum Club Galaţi,Quantum Galaţi,Romania,Romanian Fourth League Galaţi,57110288
AS Negri,,Romania,Romanian Fourth League Bacău,57061084
FC Vultureşti,,Romania,Romanian Fourth League Vaslui,57190750
ACS Victoria Bucureşti,Victoria Bucureşti,Romania,Romanian Fourth League Bucureşti,57121530
AS Filipeşti,,Romania,Romanian Fourth League Bacău,57061077
CS Chimia Oraşul Victoria,Oraşul Victoria,Romania,Romanian Fourth League Braşov,57116099
ACS Roseţi,Roseţi,Romania,Romanian Fourth League Călăraşi,57057213
CS Bradul Zetea,Bradul Zetea,Romania,Romanian Fourth League Harghita,57190793
Viitorul Osica de Jos,Osica de Jos,Romania,Romanian Fourth League Olt,57172626
AFC Progresul Fundulea,Fundulea,Romania,Romanian Fourth League Călăraşi,57059836
FC 2007 Gârceni,Gârceni,Romania,Romanian Fourth League Vaslui,57057280
AS Măgura Caşin,Caşin,Romania,Romanian Fourth League Bacău,57107702
Viitorul Grădinile,,Romania,Romanian Fourth League Olt,57065271
CS Tomeşti,Tomeşti,Romania,Romanian Fourth League Iaşi,57072169
AS Zorile Moisei,Zorile Moisei,Romania,Romanian Fourth League Maramureş,57072329
AS Perko Sânzieni,Perko Sânzieni,Romania,Romanian Fourth League Covasna,57071805
ACS Şoimii Şimand,Şoimii Şimand,Romania,Romanian Fourth League Arad,57142866
CSO Ovidiu,,Romania,Romanian Fourth League Constanţa,57000248
ACS Progresul Mătăsaru,Progresul Mătăsaru,Romania,Romanian Fourth League Dâmboviţa,57142955
Viitorul Rusăneşti,,Romania,Romanian Fourth League Olt,57075278
CS Unirea Sânnicolau Mare,Sânnicolau Mare,Romania,Romanian Fourth League Timiş,7542455
AS Atletic Tîrgu Mureş,Atletic Tîrgu Mureş,Romania,Romanian Fourth League Mureş,57143039
AS Phoenix Poşta Câlnău,Poşta Câlnău,Romania,Romanian Fourth League Buzău,57061114
ACS Unirea Amărăştii de Jos,Amărăştii de Jos,Romania,Romanian Fourth League Dolj,57190462
ACS Spicul Daia Română,Spicul Daia Română,Romania,Romanian Fourth League Alba,57142860
AS Victoria Vatra Moldoviţei,Vatra Moldoviţei,Romania,Romanian Fourth League Suceava,57129934
CSA Axiopolis Sport Cernavodă II,Axiopolis II,Romania,Romanian Fourth League Constanţa,57190301
AS Sportul Voineşti 2016,Sportul Voineşti,Romania,Romanian Fourth League Dâmboviţa,57190460
CS Novaci,,Romania,Romanian Fourth League Gorj,57159174
FC Someşul Gilău,Someşul Gilău,Romania,Romanian Fourth League Cluj,57057217
AS Progresul 1906 Ciacova,Ciacova,Romania,Romanian Fourth League Timiş,57154435
Victoria Tecuci,,Romania,Romanian Fourth League Galaţi,57050255
AFC Iazu,,Romania,Romanian Fourth League Ialomiţa,57174510
ACS Viitorul Şuţeşti,Şuţeşti,Romania,Romanian Fourth League Brăila,57086429
AS Livada,,Romania,Romanian Fourth League Satu Mare,57068868
AS Victoria Lunca,Victoria Lunca,Romania,Romanian Fourth League Teleorman,57191038
AS Moldova Drăguşeni,Moldova Drăguşeni,Romania,Romanian Fourth League Suceava,57080185
ACS Unirea Tritenii de Jos,Unirea Triteni,Romania,Romanian Fourth League Cluj,57065299
ACS Maxima Hobaia,Maxima Hobaia,Romania,Romanian Fourth League Giurgiu,57190753
ACS Nicolae Linca Cergău,Nicolae Linca Cergău,Romania,Romanian Fourth League Alba,57188098
CS Ciurea,,Romania,Romanian Fourth League Iaşi,57061181
Progresul Deleni,,Romania,Romanian Fourth League Iaşi,57188333
Avântul Măneciu,,Romania,Romanian Fourth League Prahova,57061204
ACS Academia de Fotbal Muscelul,Muscelul Câmpulung,Romania,Romanian Fourth League Argeş,57207224
AS Voinţa Vişina,,Romania,Romanian Fourth League Dâmboviţa,57190459
AS Zorile Faraoani,,Romania,Romanian Fourth League Bacău,57189778
ACS Progresul Ezeriş,Progresul Ezeriş,Romania,Romanian Fourth League Caraş-Severin,57190062
ACS Sândominic,Sândominic,Romania,Romanian Fourth League Harghita,57190787
CSM Alexandria II,,Romania,Romanian Fourth League Teleorman,57168341
CSM Sighişoara,,Romania,Romanian Fourth League Mureş,57189761
AFC Victoria Pleniţa,Victoria Pleniţa,Romania,Romanian Fourth League Dolj,57174931
CS FC Suciu de Sus,Suciu de Sus,Romania,Romanian Fourth League Maramureş,57175434
ACS Vulturul Mintiu-Gherlii,Mintiu Gherlii,Romania,Romanian Fourth League Cluj,57065302
Dacia Medieşu Aurit,,Romania,Romanian Fourth League Satu Mare,57061211
CS Jariştea,Jariştea,Romania,Romanian Fourth League Vrancea,57061229
AS Homorod Mereşti,Mereşti,Romania,Romanian Fourth League Harghita,57072002
ACS Viitorul Însurăţei,Viitorul Însurăţei,Romania,Romanian Fourth League Brăila,57000247
CSC Suseni,Suseni,Romania,Romanian Fourth League Argeş,57061073
AS Steaua Radovanu,Radovanu,Romania,Romanian Fourth League Călăraşi,57059835
CS Viitorul Curcani,,Romania,Romanian Fourth League Călăraşi,57057209
AS Metalul Bocşa,Metalul Bocşa,Romania,Romanian Fourth League Caraş-Severin,57050101
FC Unirea Scânteia,,Romania,Romanian Fourth League Iaşi,57155348
AS Spicul Vâlcelele,,Romania,Romanian Fourth League Călăraşi,57155991
CSC Crişul Sântandrei,Crişul Sântandrei,Romania,Romanian Fourth League Bihor,57082720
ACS Gloria Zemeş,Gloria Zemeş,Romania,Romanian Fourth League Bacău,57116083
CS Oşorhei,,Romania,Romanian Fourth League Bihor,57102777
CS Agyagfalvi Lendület Lutiţa,Lutiţa,Romania,Romanian Fourth League Harghita,57190797
CS Metalul Vlăhiţa,Metalul Vlăhiţa,Romania,Romanian Fourth League Harghita,57059845
AS Unirea Bucşani,Unirea Bucşani,Romania,Romanian Fourth League Dâmboviţa,57171303
AS Unirea Colibaşi,Unirea Colibaşi,Romania,Romanian Fourth League Dâmboviţa,57171295
AS Viitorul Buteşti,Viitorul Buteşti,Romania,Romanian Fourth League Teleorman,57168347
CS Diosig Bihardioszeg,Diosig,Romania,Romanian Fourth League Bihor,57142882
AS Seceani,Seceani,Romania,Romanian Fourth League Timiş,57154436
CS Unirea Valea lui Mihai,Unirea Valea lui Mihai,Romania,Romanian Fourth League Bihor,57048105
CS Minerul Bălan,Minerul Bălan,Romania,Romanian Fourth League Harghita,57142993
ACS Costeşti,,Romania,Romanian Fourth League Argeş,57188349
Schwaben Kalmandi Cămin,,Romania,Romanian Fourth League Satu Mare,57068929
Recolta Sanislău,,Romania,Romanian Fourth League Satu Mare,57068922
AS Luceafărul Trestieni,Luceafărul Trestieni,Romania,Romanian Fourth League Giurgiu,57117767
CS Unirea Izvoarele,Unirea Izvoarele,Romania,Romanian Fourth League Giurgiu,57117747
CS Parângul Bumbeşti-Jiu,Parângul Bumbeşti-Jiu,Romania,Romanian Fourth League Gorj,57061178
AS LSS Voinţa Sibiu,LSS Voinţa,Romania,Romanian Fourth League Sibiu,57114225
LPS Suceava,,Romania,Romanian Fourth League Suceava,57161653
Unirea Păuleşti,,Romania,Romanian Fourth League Satu Mare,57068896
ATSC Reci,Reci,Romania,Romanian Fourth League Covasna,57156894
AS Viitorul Tîntava,Tîntava,Romania,Romanian Fourth League Giurgiu,57142979
AFC Agnita,,Romania,Romanian Fourth League Sibiu,57061219
ACS Ardealul Crişeni,Ardealul Crişeni,Romania,Romanian Fourth League Sălaj,57065581
AS Iza Dragomireşti,Iza,Romania,Romanian Fourth League Maramureş,57065531
FC Victoria Lehliu,,Romania,Romanian Fourth League Călăraşi,57061148
Tinereţea Izvoarele,,Romania,Romanian Fourth League Prahova,57075294
AS Unirea Dragalina,,Romania,Romanian Fourth League Călăraşi,57076761
Moldova Cordun,Cordun,Romania,Romanian Fourth League Neamţ,57072389
Farul Tuzla,,Romania,Romanian Fourth League Constanţa,57061160
AS Energia Săsciori,Săsciori,Romania,Romanian Fourth League Alba,57105161
AS Luceafărul Dragomireşti,Luceafărul Dragomireşti,Romania,Romanian Fourth League Dâmboviţa,57110277
CS Progresul Segarcea,Segarcea,Romania,Romanian Fourth League Dolj,57061169
Venus Dumbrava,,Romania,Romanian Fourth League Satu Mare,57191023
AS Aripile Braşov,Aripile Braşov,Romania,Romanian Fourth League Braşov,57031062
Petrolul 95 Ploieşti,Petrolul 95,Romania,Romanian Fourth League Prahova,57030984
CS Victoria Vînju Mare,Victoria Vînju Mare,Romania,Romanian Fourth League Mehedinţi,57191011
CS Navobi Alba Iulia,CS Navobi,Romania,Romanian Fourth League Alba,57188097
Unirea Embrak Livada,,Romania,Romanian Fourth League Bihor,57155761
Unirea Urlaţi,,Romania,Romanian Fourth League Prahova,57075296
ASFC Viitorul Berca,Viitorul Berca,Romania,Romanian Fourth League Buzău,57189815
CS Fărcaşa,,Romania,Romanian Fourth League Maramureş,57065529
ASO Deta,,Romania,Romanian Fourth League Timiş,57065623
Victoria Independenţa,,Romania,Romanian Fourth League Galaţi,57065338
CS Someşul Oar,Someşul Oar,Romania,Romanian Fourth League Satu Mare,57061214
AS Unirea Săveni,Unirea Săveni,Romania,Romanian Fourth League Botoşani,57065201
ACS Rapid Ungureni,Rapid Ungureni,Romania,Romanian Fourth League Botoşani,57065209
AFC Băbeni,,Romania,Romanian Fourth League Vâlcea,57065637
CS Zmeii Ogrezeni,Zmeii Ogrezeni,Romania,Romanian Fourth League Giurgiu,57071970
Trotuşul Rugineşti,Rugineşti,Romania,Romanian Fourth League Vrancea,57065651
ACS Unirea Politehnica Bucureşti,Unirea Poli Bucureşti,Romania,Romanian Fourth League Bucureşti,57188319
ACS Supporter 2.0 Cluj-Napoca,Supporter 2.0,Romania,Romanian Fourth League Cluj,57188383
Voinţa Cudalbi 2015,Voinţa Cudalbi,Romania,Romanian Fourth League Galaţi,57190464
AS Peciu Nou,Peciu Nou,Romania,Romanian Fourth League Timiş,57050302
ACS Viitorul Ungheni,Viitorul Ungheni,Romania,Romanian Fourth League Mureş,57117785
CS Victoria Felnac,Victoria Felnac,Romania,Romanian Fourth League Arad,57142865
ACS Recolta Ostroveni,Ostroveni,Romania,Romanian Fourth League Dolj,57054962
ACS Sâncrai Nazna,Sâncrai Nazna,Romania,Romanian Fourth League Mureş,57110361
CS Portul Constanţa,Portul Constanţa,Romania,Romanian Fourth League Constanţa,7544887
Unirea Pişcolt,,Romania,Romanian Fourth League Satu Mare,57068934
Olimpic Bocşa,,Romania,Romanian Fourth League Sălaj,57119878
AFC Rapid,,Romania,Romanian Fourth League Bucureşti,57161240
ACS Petrolul Roata,Petrolul Roata,Romania,Romanian Fourth League Giurgiu,57117765
AS Spicul Izvoru,Spicul Izvoru,Romania,Romanian Fourth League Giurgiu,57065369
AS Voinţa Slobozia,Voinţa Slobozia,Romania,Romanian Fourth League Giurgiu,57065383
AS 2017 Slatina Timiş,Slatina Timiş,Romania,Romanian Fourth League Caraş-Severin,57190060
CS Timişul Şag,Timişul Şag,Romania,Romanian Fourth League Timiş,57050303
AS Harghita Aita Mare,Aita Mare,Romania,Romanian Fourth League Covasna,57142941
AS Iepureşti,,Romania,Romanian Fourth League Giurgiu,57175263
AS CS Cetate 800 Ardud,Cetate Ardud,Romania,Romanian Fourth League Satu Mare,57088308
FC Metaloglobus Bucureşti II,Metaloglobus II,Romania,Romanian Fourth League Bucureşti,57088032
ACS Viitorul Băleasa,Viitorul Băleasa,Romania,Romanian Fourth League Olt,57191015
Voinţa Schitu,,Romania,Romanian Fourth League Olt,57191016
CS Amara,,Romania,Romanian Fourth League Ialomiţa,57057241
ACS Bradul Vişeu de Sus,Bradul Vişeu,Romania,Romanian Fourth League Maramureş,57072344
AS Inter Salcia,Inter Salcia,Romania,Romanian Fourth League Mehedinţi,57175127
ASC Sărmaşu 2005,,Romania,Romanian Fourth League Mureş,57065513
Unirea Ion Roată,,Romania,Romanian Fourth League Ialomiţa,57065461
AS Viitorul Negomir,Viitorul Negomir,Romania,Romanian Fourth League Gorj,57065425
AS Silver Inter Zorile,Inter Zorile,Romania,Romanian Fourth League Giurgiu,57065385
AS Dunărea Oinacu,Dunărea Oinacu,Romania,Romanian Fourth League Giurgiu,57065354
CS Rapid Clejani,Rapid Clejani,Romania,Romanian Fourth League Giurgiu,57071977
AS Progresul Sita Buzăului,Sita Buzăului,Romania,Romanian Fourth League Covasna,57071815
AS Avântul Ilieni,Avântul Ilieni,Romania,Romanian Fourth League Covasna,57071809
AS Chieşd,,Romania,Romanian Fourth League Sălaj,57065573
Voinţa Lazuri,,Romania,Romanian Fourth League Satu Mare,57068890
ACS Campionii FC Argeş II,FC Argeş II,Romania,Romanian Fourth League Argeş,57002816
ACS Minerul Uricani,Minerul Uricani,Romania,Romanian Fourth League Hunedoara,57000254
Ştiinţa ACALAB Poarta Albă,Poarta Albă,Romania,Romanian Fourth League Constanţa,57061156
ACS Locomotiva Buzău,Locomotiva Buzău,Romania,Romanian Fourth League Buzău,57061112
ACS Miercurea Nirajului,Miercurea Nirajului,Romania,Romanian Fourth League Mureş,57048026
Avântul Vânători,,Romania,Romanian Fourth League Galaţi,57059838
ACS Voinţa Maşloc,Maşloc,Romania,Romanian Fourth League Timiş,57126697
AS Unirea Cosoba,Unirea Cosoba,Romania,Romanian Fourth League Giurgiu,57117769
ACS Recolta Fântânele,Recolta Fântânele,Romania,Romanian Fourth League Suceava,57143069
ACS Bradul Groşii Ţibleşului,Groşii Ţibleşului,Romania,Romanian Fourth League Maramureş,57110354
Sporting Bârlad,,Romania,Romanian Fourth League Vaslui,57159526
AS Ghenci,,Romania,Romanian Fourth League Satu Mare,57191029
AS Unirea Moşteni,Unirea Moşteni,Romania,Romanian Fourth League Teleorman,57191037
Viitorul Lucăceni,,Romania,Romanian Fourth League Satu Mare,57191028
AS Şoimii Oţelu Roşu 2015,Oţelu Roşu,Romania,Romanian Fourth League Caraş-Severin,57190061
AS Podul Doamnei,Podul Doamnei,Romania,Romanian Fourth League Giurgiu,57190752
CS Cocoşul Orţişoara,Cocoşul,Romania,Romanian Fourth League Timiş,57113844
AS Flacăra 1907 Flămânzi,Flacăra Flămânzi,Romania,Romanian Fourth League Botoşani,57086423
AS Ileanda,,Romania,Romanian Fourth League Sălaj,57075245
Stăruinţa Berveni,,Romania,Romanian Fourth League Satu Mare,57068919
CS Dofteana,,Romania,Romanian Fourth League Bacău,57069385
AS Prosport Vârfu Câmpului,Prosport Vf. Câmpului,Romania,Romanian Fourth League Botoşani,57065207
AS Romprim,Romprim,Romania,Romanian Fourth League Bucureşti,57048651
AS Cosniciu,,Romania,Romanian Fourth League Sălaj,57191018
Victoria Zimbrul Bordeasca,,Romania,Romanian Fourth League Vrancea,57191041
AS Bradu,,Romania,Romanian Fourth League Sibiu,57175600
AS Strejnic,,Romania,Romanian Fourth League Prahova,57189667
CS Unirea Griviţa,Unirea Griviţa,Romania,Romanian Fourth League Ialomiţa,57072041
AFCS Carpaţi Berivoi,Berivoi,Romania,Romanian Fourth League Braşov,57065213
AS FC Cernat,FC Cernat,Romania,Romanian Fourth League Covasna,57071811
AS Juventus Bascov,Juventus Bascov,Romania,Romanian Fourth League Argeş,57015201
Crişul Aleşd,,Romania,Romanian Fourth League Bihor,57048721
AS Bârsăneşti,,Romania,Romanian Fourth League Bacău,57189772
AS Avântul Baia-de-Fier,Avântul Baia-de-Fier,Romania,Romanian Fourth League Gorj,57061174
ASFC Breţcu,FC Breţcu,Romania,Romanian Fourth League Covasna,57061164
ACS Comunal Cazasu,Cazasu,Romania,Romanian Fourth League Brăila,57061106
CS Recolta Gheorghe Lazăr 2017,Recolta Gheorghe Lazăr,Romania,Romanian Fourth League Ialomiţa,57057237
AS Real Colibaşi,Real Colibaşi,Romania,Romanian Fourth League Giurgiu,57117763
ACS Basarabi Curtea de Argeş,Basarabi Curtea de Argeş,Romania,Romanian Fourth League Argeş,57154113
FC Universitatea Oradea,Universitatea Oradea,Romania,Romanian Fourth League Bihor,57129914
CSM Jiul Petroşani,Jiul,Romania,Romanian Fourth League Hunedoara,1300956
ACS Homocea,Homocea,Romania,Romanian Fourth League Vrancea,57061232
AS Şoimii Siriu,Siriu,Romania,Romanian Fourth League Buzău,57065250
AS Viitorul Vedea,Viitorul Vedea,Romania,Romanian Fourth League Giurgiu,57065373
Sportul Botiz,,Romania,Romanian Fourth League Satu Mare,57068886
AS Siretul Bacău,Siretul Bacău,Romania,Romanian Fourth League Bacău,57069389
AS CFR Dej,CFR Dej,Romania,Romanian Fourth League Cluj,57071755
CS Mihail Kogălniceanu,Mihail Kogălniceanu,Romania,Romanian Fourth League Constanţa,57071783
Agrostar Tuluceşti,,Romania,Romanian Fourth League Galaţi,57175026
AS Spicul Şeica Mare,,Romania,Romanian Fourth League Sibiu,57175605
AS Viitorul Urecheşti,,Romania,Romanian Fourth League Bacău,57189773
AS Ezüstfenyő Ciceu,Ezüstfenyő Ciceu,Romania,Romanian Fourth League Harghita,57190788
AS Obîrşia de Câmp,Obîrşia de Câmp,Romania,Romanian Fourth League Mehedinţi,57191012
AS Diadema Gherăseni,Gherăseni,Romania,Romanian Fourth League Buzău,57110198
Avântul Drăgăneşti,,Romania,Romanian Fourth League Galaţi,57110289
LPS Cetate Deva II,Cetate Deva II,Romania,Romanian Fourth League Hunedoara,57142997
AS Beroe Ostrov,Beroe Ostrov,Romania,Romanian Fourth League Tulcea,57143075
AS Andycom Avrămeşti,Andycom Avrămeşti,Romania,Romanian Fourth League Harghita,57190799
AS Recolta Blăjani,,Romania,Romanian Fourth League Buzău,57189814
Viitorul Vetiş,,Romania,Romanian Fourth League Satu Mare,57068931
AS Someşul Feldru 1954,Someşul Feldru,Romania,Romanian Fourth League Bistriţa-Năsăud,57071584
Voinţa Şendriceni,Şendriceni,Romania,Romanian Fourth League Botoşani,57065161
CS Bastya Lăzarea,Bastya Lăzarea,Romania,Romanian Fourth League Harghita,57159184
FC Olt Scorniceşti,,Romania,Romanian Fourth League Olt,57159178
AS Aripile Cleja,Aripile Cleja,Romania,Romanian Fourth League Bacău,57155760
CS Mădăras,Mădăras,Romania,Romanian Fourth League Bihor,57142884
ACS Progresul 2012 Dumbrăviţa,Progresul Dumbrăviţa,Romania,Romanian Fourth League Maramureş,57143025
CSC Dumbrăveni,Dumbrăveni,Romania,Romanian Fourth League Vrancea,57110166
CSO Ştei,,Romania,Romanian Fourth League Bihor,57082714
ACS Voinţa Doba,,Romania,Romanian Fourth League Satu Mare,57068894
AS FC Tălmaciu,,Romania,Romanian Fourth League Sibiu,57065585
Recolta Bărcăneşti,,Romania,Romanian Fourth League Ialomiţa,57065473
AS Minerul II Mătăsari,Minerul II Mătăsari,Romania,Romanian Fourth League Gorj,57061176
Viitorul Costache Negri,,Romania,Romanian Fourth League Galaţi,57086494
ASCSC Orleşti,Voinţa Orleşti,Romania,Romanian Fourth League Vâlcea,57072520
ASFC Real Teaca,Real Teaca,Romania,Romanian Fourth League Bistriţa-Năsăud,57189812
AS Flacăra Văculeşti,,Romania,Romanian Fourth League Botoşani,57189801
AS Prietenii Rupea,Prietenii Rupea,Romania,Romanian Fourth League Braşov,57142905
AS Sportivul Truşeşti,Truşeşti,Romania,Romanian Fourth League Botoşani,57071625
CS Zimbru Siret,Zimbru Siret,Romania,Romanian Fourth League Suceava,57066730
ACS Flacăra Moţăţei,Flacăra Moţăţei,Romania,Romanian Fourth League Dolj,57171059
AS Remeţi,,Romania,Romanian Fourth League Maramureş,57110350
ACS Pandurii Tudor Vladimirescu,Tudor Vladimirescu,Romania,Romanian Fourth League Brăila,57109947
AS Gloria Comana,Gloria Comana,Romania,Romanian Fourth League Giurgiu,57065371
ACS Nera Bozovici,Nera Bozovici,Romania,Romanian Fourth League Caraş-Severin,57050213
Dinamo Tătăranu,,Romania,Romanian Fourth League Vrancea,57072438
ACS Salina Ocna Şugatag,Ocna Şugatag,Romania,Romanian Fourth League Maramureş,57072335
AS Săhăteni Vintileanca,,Romania,Romanian Fourth League Buzău,57189813
Recolta Stoicăneşti,,Romania,Romanian Fourth League Olt,57075260
CS Bihorul Beiuş,Beiuş,Romania,Romanian Fourth League Bihor,57000108
CS Viitorul Cujmir,Viitorul Cujmir,Romania,Romanian Fourth League Mehedinţi,57065490
AS Nistru,,Romania,Romanian Fourth League Maramureş,57190801
AS Amatorii Rarău,Amatorii Rarău,Romania,Romanian Fourth League Suceava,57191032
AS Foresta Armeniş,Foresta Armeniş,Romania,Romanian Fourth League Caraş-Severin,57172796
AS Turnu Severin,,Romania,Romanian Fourth League Mehedinţi,57145021
CSM Olimpia Salonta,Olimpia Salonta,Romania,Romanian Fourth League Bihor,57116091
AS Ştiinţa Flacăra Roşia de Amaradia,Roşia de Amaradia,Romania,Romanian Fourth League Gorj,57065421
AS Fraternitas Tălmaciu,,Romania,Romanian Fourth League Sibiu,57211620
Cetatea Gidinţi,,Romania,Romanian Fourth League Neamţ,57211672
Voinţa Bozieni,,Romania,Romanian Fourth League Neamţ,57211671
AS Leii Şura Mică,,Romania,Romanian Fourth League Sibiu,57211621
ACS Viitorul Şelimbăr II,Viitorul Şelimbăr II,Romania,Romanian Fourth League Sibiu,57211618
AS Vulturul Poplaca,,Romania,Romanian Fourth League Sibiu,57211622
AS Victoria Viişoara,,Romania,Romanian Fourth League Cluj,57211623
AS Vulturii Gălbinaşi,,Romania,Romanian Fourth League Călăraşi,57211639
Voinţa Valea Ursului,,Romania,Romanian Fourth League Neamţ,57211670
Valea Oltului Cilieni,,Romania,Romanian Fourth League Olt,57211678
AS Avîntul Stejaru,,Romania,Romanian Fourth League Teleorman,57211616
Ştiinţa Cioflanu,,Romania,Romanian Fourth League Olt,57211677
Unirea Trifeşti,,Romania,Romanian Fourth League Neamţ,57211676
Moldova Pildeşti,,Romania,Romanian Fourth League Neamţ,57211675
Voinţa Turţ,,Romania,Romanian Fourth League Satu Mare,57211823
ACS Cetatea Turnu Măgurele,,Romania,Romanian Fourth League Teleorman,57211615
AS WST Oniceni,,Romania,Romanian Fourth League Neamţ,57211674
Stejarul Stăniţa,,Romania,Romanian Fourth League Neamţ,57211673
CS Brazi Negoieşti,,Romania,Romanian Fourth League Prahova,57211766
AS Concordia Grămeşti,,Romania,Romanian Fourth League Suceava,57211617
AS Forţeni,,Romania,Romanian Fourth League Harghita,57211658
FC Orezu,,Romania,Romanian Fourth League Ialomiţa,57211662
Avântul Rovine,,Romania,Romanian Fourth League Ialomiţa,57211661
Înfrăţirea Jilavele,,Romania,Romanian Fourth League Ialomiţa,57211660
CS Progresul Cerăt,,Romania,Romanian Fourth League Dolj,57211648
AS Remenyseg Mărtiniş,,Romania,Romanian Fourth League Harghita,57211659
AS Unirea Gîrla Mare,,Romania,Romanian Fourth League Mehedinţi,57211664
AS Dinamo Inter Stăneşti,,Romania,Romanian Fourth League Gorj,57211657
ACS Tineretul Poiana Mare,,Romania,Romanian Fourth League Dolj,57211650
AS Real Drăgăneasca,,Romania,Romanian Fourth League Giurgiu,57211656
ACS Viitorul Măceşu de Sus,,Romania,Romanian Fourth League Dolj,57211651
AS Voinţa Daia,,Romania,Romanian Fourth League Giurgiu,57211655
SCM Dunărea 2020 Giurgiu,,Romania,Romanian Fourth League Giurgiu,57211654
ACS Tractorul Cetate II,Tractorul Cetate II,Romania,Romanian Fourth League Dolj,57211652
Emaus Cernavodă,,Romania,Romanian Fourth League Constanţa,57211643
AS Steaua 2018 Prigor,,Romania,Romanian Fourth League Caraş-Severin,57211640
AS Ţuţora,,Romania,Romanian Fourth League Iaşi,57211663
AS Magica Caransebeş,,Romania,Romanian Fourth League Caraş-Severin,57211641
ACS Desa,,Romania,Romanian Fourth League Dolj,57211649
Stejarul Ţibucani,,Romania,Romanian Fourth League Neamţ,57211669
AS Grumăzeşti,,Romania,Romanian Fourth League Neamţ,57211668
Zorile Urecheni,,Romania,Romanian Fourth League Neamţ,57211667
AS Arcus,,Romania,Romanian Fourth League Covasna,57211644
AS Cetatea 1396 Târgovişte,,Romania,Romanian Fourth League Dâmboviţa,57211645
ACS Mureşul Chirileu,,Romania,Romanian Fourth League Mureş,57211666
AS Steagu Roşu Colacu,,Romania,Romanian Fourth League Dâmboviţa,57211647
Viitorul Pecineaga,,Romania,Romanian Fourth League Constanţa,57211642
ACS Voinţa Mărişelu,Voinţa Mărişelu,Romania,Romanian Fourth League Bistriţa-Năsăud,57048711
AS Victoria Călan,Victoria Călan,Romania,Romanian Fourth League Hunedoara,57003602
ACS Corbeanca,,Romania,Romanian Fourth League Ilfov,57044255
CSO Anina,,Romania,Romanian Fourth League Caraş-Severin,57050084
AS Petrolul Stoina,Petrolul Stoina,Romania,Romanian Fourth League Gorj,57050200
AS Era S Comexim Caransebeş,ERA Caransebeş,Romania,Romanian Fourth League Caraş-Severin,57050211
AS Progresul Isaccea,,Romania,Romanian Fourth League Tulcea,57050242
CS Rucăr,Rucăr,Romania,Romanian Fourth League Argeş,57057193
Voinţa Ion Creangă,,Romania,Romanian Fourth League Neamţ,57057247
Energia Pângăraţi,,Romania,Romanian Fourth League Neamţ,57031875
ACS Performanţa Ighiu 2004,Performanţa Ighiu,Romania,Romanian Fourth League Alba,57059827
AS Prundu,,Romania,Romanian Fourth League Giurgiu,57065345
Naţional 2012 Goleşti,,Romania,Romanian Fourth League Vrancea,57057260
ACS Târnava Mică Sângeorgiu de Pădure,Sângeorgiu de Pădure,Romania,Romanian Fourth League Mureş,57065511
AS Foresta Câmpulung la Tisa,Foresta Câmpulung,Romania,Romanian Fourth League Maramureş,57065533
ASA Sibiu,,Romania,Romanian Fourth League Sibiu,57065587
Victoria Tiream,,Romania,Romanian Fourth League Satu Mare,57191030
Voinţa Dochia,,Romania,Romanian Fourth League Neamţ,57061200
AS Voinţa Limpeziş,Limpeziş,Romania,Romanian Fourth League Buzău,57061113
AS Gaz Metan Finta,Gaz Metan Finta,Romania,Romanian Fourth League Dâmboviţa,57061172
CSO Borşa,,Romania,Romanian Fourth League Maramureş,57061185
ASF Girov,,Romania,Romanian Fourth League Neamţ,57061199
AS Progresul Tăure,Progresul Tăure,Romania,Romanian Fourth League Bistriţa-Năsăud,57065186
AS Olimpic Voila,Olimpic Voila,Romania,Romanian Fourth League Braşov,57065218
ACS Dacia Berteşti,Dacia Berteşti,Romania,Romanian Fourth League Brăila,57065247
FCS Bistra Glimboca,Glimboca,Romania,Romanian Fourth League Caraş-Severin,57065290
ACS Oltul Ioneşti,Oltul Ioneşti,Romania,Romanian Fourth League Vâlcea,57057264
AS Inter Sânger,Inter Sânger,Romania,Romanian Fourth League Mureş,57061193
Voinţa Slobozia Ciorăşti,,Romania,Romanian Fourth League Vrancea,57065659
CSU Universitatea de Vest din Timişoara,UVT,Romania,Romanian Fourth League Timiş,57182045
Olimpia MCMXXI Satu Mare,Olimpia Satu Mare,Romania,Romanian Fourth League Satu Mare,57189817
CS Universitatea Alba iulia,CSU Alba Iulia,Romania,Romanian Fourth League Alba,57189921
CS Săcueni,,Romania,Romanian Fourth League Bihor,57173175
ACS Rapid - Frumoşii Nebuni ai Giuleştiului,ACS Rapid FNG,Romania,Romanian Fourth League Bucureşti,57172867
AS Sporting Poieni Solca,Sporting Poieni Solca,Romania,Romanian Fourth League Suceava,57191033
CS Inter Unirea,Inter Unirea,Romania,Romanian Fourth League Alba,57207388
AS Fisag Ciucsângiorgiu,Ciucsângiorgiu,Romania,Romanian Fourth League Harghita,57190789
AS Progresul Valea Dragului,Valea Dragului,Romania,Romanian Fourth League Giurgiu,57142975
AS Carmen Satulung,Carmen Satulung,Romania,Romanian Fourth League Maramureş,57143029
Săgeata Bilieşti,,Romania,Romanian Fourth League Vrancea,57175755
AS FC Rapid Săcălaz,Rapid Săcălaz,Romania,Romanian Fourth League Timiş,57207468
Vulturul Costişa,,Romania,Romanian Fourth League Neamţ,57159488
AS FC Athletic Şura Mare,,Romania,Romanian Fourth League Sibiu,57159499
FC Păuşeşti Otăsău,Păuşeşti Otăsău,Romania,Romanian Fourth League Vâlcea,57159525
ACS Gauss Bacău,Gauss Bacău,Romania,Romanian Fourth League Bacău,57171732
CS Sporting Juniorul Vaslui,Juniorul Vaslui,Romania,Romanian Fourth League Vaslui,57172096
Petrolul Băicoi,,Romania,Romanian Fourth League Prahova,57153921
CSO Negreşti,,Romania,Romanian Fourth League Vaslui,57211605
CSC Sânmartin II,,Romania,Romanian Fourth League Bihor,57211567
CS Foresta Tileagd,Foresta Tileagd,Romania,Romanian Fourth League Bihor,57211569
AS Independentul Darabani,Independentul Darabani,Romania,Romanian Fourth League Botoşani,57211570
CS Dinamic Unirea,,Romania,Romanian Fourth League Brăila,57211571
AS Cetăţenii Ghimbav,,Romania,Romanian Fourth League Braşov,57211602
Siretul Suraia,,Romania,Romanian Fourth League Vrancea,57211604
AS Rapid Bacău,Rapid Bacău,Romania,Romanian Fourth League Bacău,57211564
FC Creţeşti,,Romania,Romanian Fourth League Vaslui,57211606
Viitorul Vetrişoaia,,Romania,Romanian Fourth League Vaslui,57211607
CS Oltul Drăgoeşti,,Romania,Romanian Fourth League Vâlcea,57211610
AS Băile Olăneşti,,Romania,Romanian Fourth League Vâlcea,57211611
AS Viitorul Murighiol,,Romania,Romanian Fourth League Tulcea,57211613
AS Fortius-Partizanul Merei,Partizanul Merei,Romania,Romanian Fourth League Buzău,57211603
CS Rapid Satu Nou de Sus,Rapid Satu Nou,Romania,Romanian Fourth League Maramureş,57209035
AS Săgeata Dumbrăviţa,Săgeata Dumbrăviţa,Romania,Romanian Fourth League Bistriţa-Năsăud,57207505
ACS Sepsi OSK Sfântu Gheorghe II,Sepsi OSK II,Romania,Romanian Fourth League Covasna,57207610
CSM Corona Braşov,Corona Braşov,Romania,Romanian Fourth League Braşov,57207668
Fotbal Club Rapid 1923 II,FC Rapid II,Romania,Romanian Fourth League Bucureşti,57208004
AS Bradul M Caşin,Bradul Caşin,Romania,Romanian Fourth League Bacău,57211566
AS FC Aripi Piteşti 2017,Aripi Piteşti,Romania,Romanian Fourth League Argeş,57208365
AS Căiuţi,,Romania,Romanian Fourth League Bacău,57211565
CSO Minerul Baia Sprie,Baia Sprie,Romania,Romanian Fourth League Maramureş,57209036
ACS Sportivii Bucureşti,Sportivii Bucureşti,Romania,Romanian Fourth League Bucureşti,57209994
ACS Power Team Bucureşti,Power Team,Romania,Romanian Fourth League Bucureşti,57209995
CS Brăneşti,,Romania,Romanian Fourth League Ilfov,57210019
AS Suporterilor FCM Bacău,FCM Bacău,Romania,Romanian Fourth League Bacău,57211563
ACS Recea,,Romania,Romanian Fourth League Argeş,57208364
AS Voinţa Plopu,Voinţa Plopu,Romania,Romanian Fourth League Brăila,57142901
AS Steaua Spătărei,Spătărei,Romania,Romanian Fourth League Teleorman,57072555
ACS Atletic Orbeasca,Atletic Orbeasca,Romania,Romanian Fourth League Teleorman,57072563
Petrolul Ileana,,Romania,Romanian Fourth League Călăraşi,57076767
AS Conpet 2006 Ştefan cel Mare,,Romania,Romanian Fourth League Călăraşi,57076781
AS Triumf Cerna,Triumf Cerna,Romania,Romanian Fourth League Tulcea,57072533
ACS Unirea Milcovu,Unirea Milcovu,Romania,Romanian Fourth League Vrancea,57072452
AS Unirea Stâlpu,,Romania,Romanian Fourth League Buzău,57076849
AS Gloria Vadu Paşii,Vadu Paşii,Romania,Romanian Fourth League Buzău,57076867
ACS FC Dănuţ Coman,FC Dănuţ Coman,Romania,Romanian Fourth League Argeş,57084244
ACS Urban Titu,Urban Titu,Romania,Romanian Fourth League Dâmboviţa,57086179
AS Biruinţa Mirosloveşti,Mirosloveşti,Romania,Romanian Fourth League Iaşi,57072157
ACS Electrica Bucureşti,Electrica Bucureşti,Romania,Romanian Fourth League Bucureşti,57071720
AS Viitorul Gârbău,,Romania,Romanian Fourth League Cluj,57071753
CS Glina,,Romania,Romanian Fourth League Ilfov,57072129
Flacăra Brusturi,Brusturi,Romania,Romanian Fourth League Neamţ,57086583
ACS Viitorul Tg. Frumos,Viitorul Tg. Frumos,Romania,Romanian Fourth League Iaşi,57072159
CS Seini,,Romania,Romanian Fourth League Maramureş,57072316
Ozana Timişeşti,Timişeşti,Romania,Romanian Fourth League Neamţ,57072376
Viitorul Podoleni,Podoleni,Romania,Romanian Fourth League Neamţ,57072387
AS Ghimeş Făget Lunca de Sus,Lunca de Sus,Romania,Romanian Fourth League Harghita,57072006
AS M. V. Călugăreni,MV Călugăreni,Romania,Romanian Fourth League Giurgiu,57117773
CSM Sighetu Marmaţiei,CSM Sighet,Romania,Romanian Fourth League Maramureş,57119436
Voinţa Valu lui Traian,Valu lui Traian,Romania,Romanian Fourth League Constanţa,57121720
Siretul Doljeşti,Doljeşti,Romania,Romanian Fourth League Neamţ,57121782
AS Metalul Bogdan Vodă,Metalul Bogdan Vodă,Romania,Romanian Fourth League Maramureş,57121835
AS Flamura Roşie Sascut,Flamura Roşie Sascut,Romania,Romanian Fourth League Bacău,57086355
AS MÜ Frumoasa,,Romania,Romanian Fourth League Harghita,57110316
CS Phoenix Buziaş,Phoenix Buziaş,Romania,Romanian Fourth League Timiş,57125972
ACS Dacia Unirea Brăila II,Dacia Unirea Brăila II,Romania,Romanian Fourth League Brăila,57142105
ACS Vulturii Priboieni 2017,Priboieni,Romania,Romanian Fourth League Argeş,57142871
AS Spicul Salva,Spicul Salva,Romania,Romanian Fourth League Bistriţa-Năsăud,57142886
AS Viitorul Budeşti,,Romania,Romanian Fourth League Vâlcea,57122003
ACS Viitorul Horia,,Romania,Romanian Fourth League Tulcea,57211614
Bravo Bodeşti,Bodeşti,Romania,Romanian Fourth League Neamţ,57086586
AS Cerna Baia de Aramă,Baia de Aramă,Romania,Romanian Fourth League Mehedinţi,57088302
ACS de Sănătate Voinţa Buftea,Voinţa Buftea,Romania,Romanian Fourth League Ilfov,57117708
AS AD Mediam Mehadia,Mehadia,Romania,Romanian Fourth League Caraş-Severin,57115739
CS Dante Botoşani,,Romania,Romanian Fourth League Botoşani,57107722
AS Agmonia Zăvoi,Zăvoi,Romania,Romanian Fourth League Caraş-Severin,57110230
Juventus 2007 Toflea,Juventus Toflea,Romania,Romanian Fourth League Galaţi,57086489
FC Sportul Studenţesc,Sportul,Romania,,1512
CS Gloria Reşiţa,Gloria Reşiţa,Romania,,7544116
CS Minerul 2008 Motru,Minerul Motru,Romania,,7540076
ACS Municipal Dunărea Galaţi,Municipal Dunărea Galaţi,Romania,,7540446
CS Academia de Fotbal Gică Popescu,Academia Gică Popescu,Romania,Romanian U19 Top League West,7540448
CF Liberty Oradea,Liberty Oradea,Romania,Romanian Lower League,7542456
CSF CFR 1933 Timişoara,CFR Tim.,Romania,Romanian Lower League,7544054
ACS Fortuna Covaci,Fortuna Covaci,Romania,Romanian Lower League,7544102
FCM Târgovişte,,Romania,Romanian Lower League,1300954
AS Gloria Islaz,Gloria Islaz,Romania,Romanian Lower League,57072123
Voinţa Voineşti,Voineşti (IS),Romania,Romanian Lower League,57072167
AS Codrii Vlasie Moara Vlăsiei,Moara Vlăsiei,Romania,,57072116
CSS Alexandria,,Romania,,57072561
Inter Cizer,Inter Cizer,Romania,Romanian Lower League,57075247
AS Unirea Tătărăştii de Sus,Un. Tătărăştii de Sus,Romania,Romanian Lower League,57072573
AS Unirea Cosmeşti,Un. Cosmeşti,Romania,Romanian Lower League,57072565
Viitorul Ciorteşti,Ciorteşti,Romania,Romanian Lower League,57072147
ACS Viitorul Valea Mare,Viitorul Valea Mare,Romania,Romanian Lower League,57072522
LPS Roman,,Romania,Romanian U19 National Championship Group 1,57072393
ACS Unirea Tămăşeni,Tămăşeni,Romania,,57072378
Siretul Adjudeni,Adjudeni,Romania,Romanian Lower League,57072374
Smart Negreşti,Smart Negreşti,Romania,Romanian Lower League,57072475
Vulturul Bălteni,Vulturul Bălteni,Romania,Romanian Lower League,57072479
CS Nanov,,Romania,Romanian Lower League,57072559
CS Metalul Frăsinet,Met. Frăsinet,Romania,Romanian Lower League,57072553
AS Mihăeşti,,Romania,Romanian Lower League,57072526
AS Olteţul Zătreni,Olteţul Zătreni,Romania,Romanian Lower League,57072524
Metalul Constanţa,Metalul C-ţa,Romania,,57072288
Victoria Frânceşti,V. Frânceşti,Romania,Romanian Lower League,57072516
Juventus Fălciu,,Romania,Romanian Lower League,57072504
Gloria Lunca Banului,Lunca Banului,Romania,Romanian Lower League,57072493
Dinamic Boţeşti,Dinamic Boţeşti,Romania,Romanian Lower League,57072483
SC 2000 Lipovăţ,Lipovăţ,Romania,Romanian Lower League,57072481
CS Electroaparataj,Electroaparataj,Romania,,57071708
Academia Reghecampf,,Romania,,57071724
AS Vulcan,,Romania,Romanian Lower League,57071683
AS Dunărea Tichileşti,Dunărea Tichileşti,Romania,Romanian Lower League,57071663
AS BSE Belin,BSE Belin,Romania,Romanian Lower League,57071817
AS Venus Ozun,,Romania,Romanian Lower League,57071807
CS II Peştera,CS II Peştera,Romania,Romanian Lower League,57071791
Steaua Speranţei Siliştea,Steaua Speranţei,Romania,Romanian Lower League,57071789
Dacia Mircea Vodă,Dacia M. Vodă,Romania,Romanian Lower League,57071785
Sport Prim Oltina,SP Oltina,Romania,Romanian Lower League,57071781
Danubius Rasova,Rasova,Romania,Romanian Lower League,57071777
ACS Gloria Movila Miresii,Movila Miresii,Romania,Romanian Lower League,57071638
AS Vlădeasa Huedin,Vlădeasa,Romania,Romanian Lower League,57071750
AS Intersport Măureni,AS Măureni,Romania,Romanian Lower League,57071744
AS Viitorul Vermeş,Vermeş,Romania,Romanian Lower League,57071742
Carsium Hîrşova,Carsium H.,Romania,Romanian Lower League,57071779
Avântul Zăpodeni,Av. Zăpodeni,Romania,Romanian Lower League,57065643
AS Olteţul Alunu 2016,Olteţul Alunu,Romania,Romanian Lower League,57065641
CS Hidro Râmnicu Vâlcea,Hidro Râmnicu Vâlcea,Romania,Romanian U19 National Championship Group 7,57065635
AS Viitorul Cireşu,Viitorul Cireşu,Romania,Romanian Lower League,57071650
FC Ciucaşul Întorsura Buzăului,Ciucaşul Î. Buzăului,Romania,Romanian Lower League,57071823
AFC Budac,Budac,Romania,Romanian Lower League,57071593
AS Steaua Negraşi,Steaua Negraşi,Romania,Romanian Lower League,57069371
Stil Tăşnad,Stil Tăşnad,Romania,Romanian Lower League,57068947
Voinţa Ştefan cel Mare,Voinţa Ştefan cel Mare,Romania,Romanian Lower League,57065645
Someşul Cărăşeu,Cărăşeu,Romania,Romanian Lower League,57068900
AS Câmpineanca,AS Câmpineanca,Romania,Romanian Lower League,57065657
AS Voinţa Stroieşti,V. Stroieşti,Romania,Romanian Lower League,57066725
AS FC Spartak Gottlob,Sp. Gottlob,Romania,Romanian Lower League,57066696
CS Unirea Sânnicolau Mare II,Sânnicolau Mare II,Romania,Romanian Lower League,57066683
AS FC Real Dragşina,Dragşina,Romania,Romanian Lower League,57066677
CS Unirea Cerneteaz,Unirea Cerneteaz,Romania,Romanian Lower League,57066622
CS Dunărea Gropeni,Dun. Gropeni,Romania,Romanian Lower League,57071642
Victoria Petreşti,Victoria Petreşti,Romania,Romanian Lower League,57068940
AS Praid,AS Praid,Romania,Romanian Lower League,57071995
Spicul Colilia,Colilia,Romania,Romanian Lower League,57072043
Avântul Luica,Av. Luica,Romania,Romanian Lower League,57076792
CS FC Ştiinţa Malu Mare,Ştiinţa Malu Mare,Romania,Romanian Lower League,57071946
ASG Doiceşti,AS Doiceşti,Romania,Romanian Lower League,57071935
Voinţa Reviga,Reviga,Romania,Romanian Lower League,57072045
Juventus Borăneşti,Borăneşti,Romania,Romanian Lower League,57072052
CS Bradul Moroeni,Moroeni,Romania,Romanian Lower League,57071921
Comerţul Viişoara,Viişoara,Romania,Romanian Lower League,57071917
Sugo Băţanii Mari,Sugo Băţani,Romania,Romanian Lower League,57071825
AS Unirea Bozieş,Unirea Bozieş,Romania,Romanian Lower League,57072091
AS Avântul Produleşti,Av. Produleşti,Romania,Romanian Lower League,57071924
ASF Dosza Dalnic,,Romania,Romanian Lower League,57071821
Progresul Măldăreşti,Măldăreşti,Romania,Romanian Lower League,57122005
Prietenia Crucişor,Crucişor,Romania,Romanian Lower League,57121939
Iulius Bogdăneşti,Bogdăneşti,Romania,Romanian Lower League,57122029
CS Şuşani,Şuşani,Romania,Romanian Lower League,57122015
Zorile Scundu,Scundu,Romania,Romanian Lower League,57122013
Viitorul Axintele II,Axintele II,Romania,Romanian Lower League,57126115
AS Căzăneşti (VL),AS Căzăneşti (VL),Romania,Romanian Lower League,57122001
Topologul Galicea,Galicea,Romania,Romanian Lower League,57121999
AS Foresta Mălaia,Mălaia,Romania,Romanian Lower League,57121995
AS Sarica Niculiţel,Niculiţel,Romania,,57121961
AS Şcolarii Frecăţei,,Romania,,57121959
ACS Izbânda Mihail Kogălniceanu,Izbânda M.K.,Romania,Romanian Lower League,57121951
Viitorul Rebricea,Rebricea,Romania,Romanian Lower League,57122009
Dunărea Corabia,Dun. Corabia,Romania,Romanian Lower League,57129125
AS Flacăra Zăvoiu,,Romania,Romanian Lower League,57110278
Avântul Comana,,Romania,Romanian Lower League,57135984
CS Cavalerul Trac Cernişoara,Cavalerul Trac,Romania,Romanian Lower League,57133704
Unirea Dobroteşti,Dobroteşti,Romania,Romanian Lower League,57132740
AS Recaş,AS Recaş,Romania,Romanian Lower League,57131217
Gloria Puieşti,Gl. Puieşti,Romania,Romanian Lower League,57122031
AS Miceşti 2002,AS Miceşti,Romania,Romanian Lower League,57129847
ACS Viitorul Vereşti,Viitorul Vereşti,Romania,Romanian Lower League,57121875
CS Naţional Sebiş II,Sebiş II,Romania,Romanian Lower League,57127507
CSM Paşcani II,,Romania,Romanian Lower League,57127421
AFC Argeş Piteşti 1953 Vulturii Alb-Violeţi,FC Argeş 1953,Romania,,57127411
AS Euro Şpring,Şpring,Romania,Romanian Lower League,57127294
AFC Pianu 2016,AFC Pianu,Romania,Romanian Lower League,57127290
ACS Atletico Vaslui,Atletico Vaslui,Romania,Romanian Lower League,57127068
Unirea Cocorăştii Colţ,Cocorăştii Colţ,Romania,Romanian Lower League,57126740
ACS CFR Romgaz Craiova,CFR Romgaz,Romania,Romanian U19 National Championship Group 6,57126168
AS Silva Udeşti,Udeşti,Romania,Romanian Lower League,57129932
Viitorul Vlădila,Vlădila,Romania,Romanian Lower League,57114223
Victoria Dobrun,,Romania,Romanian Lower League,57114219
Venus Negrileşti,Negrileşti,Romania,Romanian Lower League,57114217
AS Vulturul Arcalia,Vulturul Arcalia,Romania,Romanian Lower League,57114213
Crişul Alb Buteni,Crişul Alb Buteni,Romania,Romanian Lower League,57110819
AS FC Progresul Racoviţa,Racoviţa,Romania,Romanian Lower League,57115875
Unirea Sărăţeni,Un. Sărăţeni,Romania,Romanian Lower League,57110389
Olimpia Răduleşti,Răduleşti,Romania,Romanian Lower League,57110335
Fulgerul Fierbinţi,,Romania,Romanian Lower League,57110331
CS Ghelari,CS Ghelari,Romania,Romanian Lower League,57110325
Agrojor Jorăşti,Agrojor,Romania,Romanian Lower League,57110291
AFC Victoria Dragoş Vodă 2019,,Romania,Romanian Lower League,57076783
CS Viitorul 2010 Buzău,Viitorul Bz.,Romania,,57113263
AS Stejari,,Romania,,57117777
AS Speranţa Săbăreni,Săbăreni,Romania,Romanian Lower League,57121528
Tineretul Suhaia,Suhaia,Romania,Romanian Lower League,57121499
AS Victoria 2013 Muntenii de Jos,Victoria Muntenii de Jos,Romania,Romanian Lower League,57120339
Unirea Mirşid,Mirşid,Romania,Romanian Lower League,57119859
ACS Unirea Brînceni,Unirea Brînceni,Romania,Romanian Lower League,57115652
Luceafărul Bălan,Luc. Bălan,Romania,,57119853
CS ASC Seaca,,Romania,Romanian Lower League,57142678
AS FC Dentas Tărtăşeşti,Dentas Tărtăşeşti,Romania,Romanian Lower League,57117735
AS Unirea Cobia,Cobia,Romania,Romanian Lower League,57117733
Unirea Topraisar,Topraisar,Romania,Romanian Lower League,57117727
Litoral Corbu,Litoral,Romania,Romanian Lower League,57117725
Viorel Kraus Soccer,VK Soccer,Romania,Romanian Lower League,57117707
ACS Hălchiu,Hălchiu,Romania,Romanian Lower League,57116095
AFC Viitorul Botoşani,Viitorul Botoşani,Romania,Romanian Lower League,57115983
ACS Sport Team Bucureşti,Sport Team,Romania,Romanian Lower League,57153790
AS Metropolitan Estudiantes FC Bucureşti,Metropolitan Bucureşti,Romania,,57155843
Victoria Hlipiceni,Hlipiceni,Romania,Romanian Lower League,57155842
Voinţa Moţca,,Romania,Romanian Lower League,57155349
ACS Viitorul 1913 Caransebeş,Viitorul Caransebeş,Romania,,57154482
AS Recolta Rafnic,Rafnic,Romania,Romanian Lower League,57154481
AS Viitorul I.L. Caragiale,I.L. Caragiale,Romania,Romanian Lower League,57156895
ACS Unirea Banloc,Banloc,Romania,Romanian Lower League,57154432
AS Tineretul Siliştea,,Romania,Romanian Lower League,57154236
CS Albota 2012,Albota 2012,Romania,Romanian Lower League,57154112
AS FC Bihor Legenda 1902,Bihor 1902,Romania,Romanian Lower League,57153918
Liceul Tehnologic Sf. Pantelimon,Sf. Pantelimon,Romania,Romanian U19 National Championship Group 4,57153853
FC Viitorul Mihai Georgescu Cluj-Napoca,Viitorul Mihai Georgescu,Romania,,57142084
Secunda Adîncata,,Romania,Romanian Lower League,57159233
AS Arrubium Măcin,Arrubium Măcin,Romania,Romanian Lower League,57159522
Inter Pericei,,Romania,Romanian Lower League,57159491
Cetatea Buciumi,,Romania,Romanian Lower League,57159490
AS Holboca,AS Holboca,Romania,Romanian Lower League,57159236
AS Olimpic Bucureşti,Olimpic Bucureşti,Romania,,57155844
Benfica Nova Geracao,Benfica Nova,Romania,Romanian Lower League,57153495
AS FC Traian,,Romania,Romanian Lower League,57159232
AFK Csikszereda Miercurea Ciuc II,Csikszereda II,Romania,,57159183
CSS Slatina,,Romania,Romanian U19 National Championship Group 6,57159180
AS Unirea Frăţeşti,Unirea Frăţeşti,Romania,Romanian Lower League,57159172
ACS Comunal Recolta Dorolţ II,Dorolţ II,Romania,Romanian Lower League,57157518
AS Ajax Dobroteşti,,Romania,Romanian Lower League,57156897
AS Spic de Grâu Ghimpaţi,Spic de Grâu Ghimpaţi,Romania,Romanian Lower League,57156896
Voinţa Maia,,Romania,Romanian Lower League,57159234
AS Viitorul Petrăchioaia,Viitorul Petrăchioaia,Romania,Romanian Lower League,57142920
ACS Victoria Tînganu,Tînganu,Romania,Romanian Lower League,57142918
AS Gloria Buriaş,Gloria Buriaş,Romania,Romanian Lower League,57142916
ACS Cornetu,Cornetu,Romania,Romanian Lower League,57142914
AFC Venus 1914,Venus 1914,Romania,Romanian Lower League,57142912
AS Libertatea Urziceanca,Urziceanca,Romania,Romanian Lower League,57142953
AS Ştiinţa Odobeşti,Ştiinţa Odobeşti,Romania,Romanian Lower League,57142957
ACS Oltul Făgăraş,Oltul Făgăraş,Romania,Romanian Lower League,57142903
Speranţa Dumbrăviţa,Speranţa Dumbrăviţa,Romania,Romanian Lower League,57142895
CS Europa Hilişeu,Hilişeu,Romania,Romanian Lower League,57142889
Gaz Metan Valea Lungă,Valea Lungă,Romania,Romanian Lower League,57142861
AS Steaua Magică Iaşi,Steaua Magică,Romania,,57142999
Pajura Huşi,,Romania,,57143083
CS Hida,,Romania,Romanian Lower League,57143067
Gloria Ban,Gloria Ban,Romania,Romanian Lower League,57143065
AS Tufeni Băicoi,,Romania,Romanian Lower League,57143059
LPS Piatra Neamţ,,Romania,Romanian U19 National Championship Group 1,57143057
ACS Electrica Baia Mare,Electrica Baia Mare,Romania,,57143033
ACS Fulgerul Cernica,Fulgerul Cernica,Romania,,57142922
ACS Voinţa 2010,Voinţa 2010,Romania,,57110276
Ştiinţa Godineşti,Godineşti,Romania,Romanian Lower League,57142987
AS Olimpia Mîrşa,Olimpia Mîrşa,Romania,Romanian Lower League,57142985
ACS Voinţa Toporu,Voinţa Toporu,Romania,Romanian Lower League,57142981
AS U Unirea Joiţa,Unirea Joiţa,Romania,,57142977
CS Luceafărul Craiova,Luceafărul Craiova,Romania,,57142963
AS Gloria Chechiş,Gloria Chechiş,Romania,Romanian Lower League,57143031
ASFC Unirea Mărăcineni,Un. Mărăcineni,Romania,Romanian Lower League,57076878
Intersport Filipeştii de Târg,Filipeştii de Târg,Romania,Romanian Lower League,57080719
AS Turbo Forest Poiana Stampei,Poiana Stampei,Romania,Romanian Lower League,57080183
Sportul Valea Călugărească,Sp. Val. Călugărească,Romania,Romanian Lower League,57077249
Sportul Sebeş,,Romania,Romanian Lower League,57081026
LPS Iolanda Balaş Soter Buzău,LPS Buzău,Romania,Romanian U19 Top League East,57076870
Steaua Lupşanu,Lupşanu,Romania,Romanian Lower League,57086457
AS Viitorul Valea Râmnicului,Viitorul V. Râmnicului,Romania,Romanian Lower League,57076880
CN Dinicu Golescu,Dinicu Golescu,Romania,Romanian U19 National Championship Group 5,57084237
CS Avântul Valea Mărului,Valea Mărului,Romania,Romanian Fourth League Galaţi,57110290
Progresul Movila Banului,Movila Banului,Romania,Romanian Lower League,57086435
AS Siretul Vădeni,Vădeni,Romania,Romanian Lower League,57086427
AS Viitorul Şelaru,Şelaru,Romania,Romanian Lower League,57086358
AS Avântul Bobda,Av. Bobda,Romania,Romanian Lower League,57086294
CSO Făget,,Romania,Romanian Lower League,57086288
Victoria Comişani,Comişani,Romania,Romanian Lower League,57080816
CS Edilul Piteşti,Edilul Piteşti,Romania,Romanian Lower League,57084242
AS Luceafărul Maxenu,Maxenu,Romania,Romanian Lower League,57076860
AS Târgşorul Vechi Stănceşti,Târgşorul Vechi,Romania,Romanian Lower League,57081330
Silva Miracol Hărău,Silva Miracol,Romania,Romanian Lower League,57081117
Recolta Urzica,Rec. Urzica,Romania,Romanian Lower League,57075276
AS Progresul Beceni,Progr. Beceni,Romania,Romanian Lower League,57076865
Unirea Spanţov,Un. Spanţov,Romania,Romanian Lower League,57076765
ACS Zarea Cuza Vodă,,Romania,Romanian Lower League,57076753
Fortuna Tămădău,Fortuna Tămădău,Romania,Romanian Lower League,57076751
CS Budeşti (CL),CS Budeşti (CL),Romania,Romanian Lower League,57076743
Rapid Ulmeni,,Romania,Romanian Lower League,57076773
Avântul Pietroiu,,Romania,Romanian Lower League,57076775
Unirea Pârşcoveni,Un. Pârşcoveni,Romania,Romanian Lower League,57075274
Gloria Deveselu,Gl. Deveselu,Romania,Romanian Lower League,57075270
Valea Oltului Ipoteşti,V. Oltului Ipoteşti,Romania,Romanian Lower League,57075266
Gloria Vişina,Gl. Vişina,Romania,Romanian Lower League,57075262
Şoimii Unirea,Şoimii Unirea,Romania,Romanian Lower League,57076739
AS Avântul Chiojdu,Av. Chiojdu,Romania,Romanian Lower League,57076837
CS Pescăruşul Luciu,Pescăruşul Luciu,Romania,Romanian Lower League,57076855
AS Olimpia Pogoanele,Pogoanele,Romania,Romanian Lower League,57076853
AS Steaua Săhăteni,Săhăteni,Romania,,57076847
AS Luceafărul C.A. Rosetti,Luc. Rosetti,Romania,Romanian Lower League,57076843
Internaţional Căneşti,Inter Căneşti,Romania,Romanian Lower League,57076841
Avântul Dor Mărunt,Av. Dor Mărunt,Romania,Romanian Lower League,57076771
Atletic Dorobanţu,Dorobanţu,Romania,Romanian Lower League,57086463
AS Victoria Boboc,Victoria Boboc,Romania,Romanian Lower League,57076834
AS Viitorul Tisău,V. Tisău,Romania,Romanian Lower League,57076830
Lumina Frumuşani,Frumuşani,Romania,Romanian Lower League,57076794
ACS MSE Tîrgu Mureş,MSE Tîrgu Mureş,Romania,,57065509
Dinamo Săruleşti,,Romania,Romanian Lower League,57076779
CS Viitorul 08 Verneşti,Viitorul 08 Verneşti,Romania,Romanian Lower League,57076839
Voinţa Bosia,Bosia,Romania,Romanian Lower League,57107747
AS Voinţa Răcăşdia,Răcăşdia,Romania,Romanian Lower League,57107741
CS Mihălăşeni,CS Mihălăşeni,Romania,Romanian Lower League,57107729
AS Unirea Ciceu Giurgeşti,Unirea Ciceu Giurgeşti,Romania,Romanian Lower League,57107716
AS Real Buduş,Buduş,Romania,Romanian Lower League,57107714
Brădetul Ştefeşti,Ştefeşti,Romania,Romanian Lower League,57107760
AS Căzăneşti (IL),Căzăneşti (IL),Romania,Romanian Lower League,57109400
Oţelul Larissa Dobrota,Oţelul Larissa,Romania,Romanian Lower League,57106196
Voinţa Cocora,Cocora,Romania,Romanian Lower League,57106130
Voinţa Ciorani,Ciorani,Romania,Romanian Lower League,57106100
ACSF Athletico Floreasca,Athletico Floreasca,Romania,Romanian Lower League,57106090
CS Vîrtoape,CS Vîrtoape,Romania,Romanian Lower League,57105536
Inter Ciugud,,Romania,Romanian Lower League,57105164
FC Curciu,FC Curciu,Romania,Romanian Lower League,57105113
AFC Puieşti,AFC Puieşti,Romania,Romanian Lower League,57086437
Viitorul Marghita,Marghita,Romania,,57107563
AS Voinţa Pietroşiţa,Pietroşiţa,Romania,Romanian Lower League,57110269
Recolta Nicolae Bălcescu,Rec. Nic Bălcescu,Romania,Romanian Lower League,57110260
Viitorul Ştiubei,Ştiubei,Romania,Romanian Lower League,57110225
Focul Viu Lopătari,Focul Viu,Romania,Romanian Lower League,57110224
Voinţa Vadu Părului,Vadu Părului,Romania,Romanian Lower League,57107758
Victoria Grebanu,Grebanu,Romania,Romanian Lower League,57110210
AS Viitorul Ruşeţu,Ruşeţu,Romania,Romanian Lower League,57110202
ACS Mureşul Vinţu de Jos,Vinţu de Jos,Romania,Romanian Lower League,57109868
CFR Constanţa,,Romania,,57109799
Victoria Cochirleanca,Cochirleanca,Romania,Romanian Lower League,57110212
AS Vulturii Pasărea,Vulturii Pasărea,Romania,Romanian Lower League,57102906
Cetatea Almaşu,Cet. Almaşu,Romania,Romanian Lower League,57086547
Voinţa Găneşti,Găneşti,Romania,Romanian Lower League,57086533
AFC Viitorul Găneasa,Găneasa,Romania,Romanian Lower League,57086507
Ştiinţa Drăguţeşti,Drăguţeşti,Romania,Romanian Lower League,57086501
AS Popeşti 2009,AS Popeşti 2009,Romania,Romanian Lower League,57086557
Oltul Coşeni,Oltul Coşeni,Romania,Romanian Lower League,57086486
Experţi 2000 Popeşti,Experţi Popeşti,Romania,Romanian Lower League,57086559
Victoria Mihai Viteazul,,Romania,Romanian Lower League,57086480
Avântul Matca,Matca,Romania,Romanian Lower League,57086491
CS Victoria Stiinta Celaru,Celaru,Romania,Romanian Lower League,57088199
CS Dinamyk Craiova,Dinamyk Craiova,Romania,,57100619
CSM Progresul Băileşti,Progresul Băileşti,Romania,,57100617
CSJ Ştiinţa Universitatea Craiova,CSJ Ştiinţa U Craiova,Romania,Romanian U19 National Championship Group 6,57100553
FC Drânceni,FC Drânceni,Romania,Romanian Lower League,57088316
Gloria Moftinu Mare,Moftinu Mare,Romania,Romanian Lower League,57088306
AS Petrolul Poeni,Petrolul Poeni,Romania,Romanian Lower League,57088293
CS Progresul Palanca,Palanca,Romania,Romanian Lower League,57088280
Minerul Teliuc,Min. Teliuc,Romania,Romanian Lower League,57088209
AS Voinţa Căldărăşti,Căldărăşti,Romania,Romanian Lower League,57088047
ASC Corona 2010 Braşov,,Romania,,57086615
Troesmis Turcoaia,Troesmis,Romania,Romanian Lower League,57086600
Inter Brebeni,Inter Brebeni,Romania,Romanian Lower League,57086574
AS Iancu Jianu,AS Iancu Jianu,Romania,Romanian Lower League,57086570
Recolta Bălteni,Rec. Bălteni,Romania,Romanian Lower League,57086566
FC Viorel Mateianu Baia Mare,FC Viorel Mateianu,Romania,Romanian Lower League,57088223
Voinţa Macea,Macea,Romania,Romanian Lower League,57000785
Clubul Sportiv Footbal Club Juventus Bistriţa,Juventus Bistriţa,Romania,Romanian Lower League,57007496
Atletico Arad,Atletico Arad,Romania,Romanian Lower League,57007199
CS CFR Simeria,CFR Simeria,Romania,Romanian U19 National Championship Group 9,57002786
CS Timişul Albina,Timişul Albina,Romania,Romanian Lower League,57000342
1 Decembrie,,Romania,Romanian Lower League,57000104
AS Marius Lăcătuş,AS Marius Lăcătuş,Romania,,57007620
FC Auto Timişoara,Auto Timişoara,Romania,Romanian Lower League,57009157
AS FC Interstar Sibiu,FC Interstar Sibiu,Romania,,57007927
CS Srbianka Giuchici Timişoara,Srbianka,Romania,Romanian Lower League,57007857
Şcoala de Fotbal Nicolae Dobrin Piteşti,FC Nicolae Dobrin,Romania,Romanian Lower League,57007624
LPS Banatul Timişoara,LPS Banatul,Romania,Romanian U19 Top League West,57007622
Grupul Şcolar Agricol Nucet,Nucet,Romania,Romanian U19 National Championship Group 5,57007498
ACS FC Ardealul Cluj,Ardealul,Romania,Romanian Lower League,57007497
Rarăul Câmpulung Moldovenesc,Rarăul,Romania,Romanian Lower League,57015196
Biharea Marmogranit Vaşcău,Vaşcău,Romania,Romanian Lower League,57061096
AS Voinţa Zvoriştea,Zvoriştea,Romania,Romanian Lower League,57061222
AS Voinţa Găiseanca,Găiseanca,Romania,Romanian Lower League,57065235
Izvorul Hoghiz,Izv. Hoghiz,Romania,Romanian Lower League,57065220
AS Şoimii Chiraleş,Chiraleş,Romania,Romanian Lower League,57065188
ACS Viitorul Lechinţa,Viitorul Lechinţa,Romania,Romanian Lower League,57065159
Cariocas Constanţa,Cariocas,Romania,Romanian Lower League,57063028
AS Pro Luceafărul Bucureşti,Pro Luceafărul,Romania,,57061395
CS Posada Perişani,Posada Perişani,Romania,,57061234
ACS Foresta Moldoviţa 1947,Foresta Moldoviţa,Romania,Romanian Lower League,57061223
Viitorul Unirea,Viitorul Unirea,Romania,Romanian Lower League,57065154
Recolta Boldu,Boldu,Romania,Romanian Lower League,57061115
AS Cereanim Smeeni,Smeeni,Romania,Romanian Lower League,57061117
AS Victoria Deduleşti,Deduleşti,Romania,Romanian Lower League,57061108
AS Viitorul Galbenu,Galbenu,Romania,Romanian Lower League,57061107
CS Voinţa Mailat,Voinţa Mailat,Romania,Romanian Lower League,57009445
CS Pressing Bucureşti,Pressing Buc.,Romania,Romanian Lower League,57061141
AS Tricolorul Gălbinaşi,Tricolorul Gălbinaşi,Romania,Romanian Lower League,57065257
Frăţia,,Romania,Romanian Lower League,57061142
Avântul Pieleşti,Av. Pieleşti,Romania,Romanian Lower League,57061170
Victoria Cumpăna,,Romania,,57061161
AS Cautis Steaua Sudului Bucureşti,Cautis,Romania,,57061146
CSO Bragadiru,,Romania,,57061180
Unirea Hereclean,Un. Hereclean,Romania,Romanian Lower League,57065583
CS Brazi,CS Brazi,Romania,Romanian Lower League,57065518
CS Ceptura,,Romania,,57065516
AS Speranţa Măxineni,Măxineni,Romania,Romanian Lower League,57065237
AS Venus Măerişte,Venus Măerişte,Romania,Romanian Lower League,57065571
AS Juventus Pişchia,Pişchia,Romania,Romanian Lower League,57065621
AS Steaua Dumbrăveni,Steaua Dumbrăveni,Romania,Romanian Lower League,57065602
CS Unirea Vînătorii Mici,Unirea Vînătorii Mici,Romania,Romanian Lower League,57065387
AS Scărişoara,AS Scărişoara,Romania,Romanian Lower League,57065351
AS Siretul Piscu,Siretul Piscu,Romania,Romanian Lower League,57065340
Voinţa Cişmele,Cişmele,Romania,Romanian Lower League,57065336
AS Mălina Smârdan,Mălina Smârdan,Romania,Romanian Lower League,57065334
Dinamo Inter Stăneşti,Dinamo Stăneşti,Romania,Romanian Lower League,57065406
AS Luceafărul Dărmăneşti,Luceafărul Dărmăneşti,Romania,Romanian Lower League,57065315
Ştiinţa Ceplea,Ceplea,Romania,Romanian Lower League,57065409
CS Conţeşti,CS Conţeşti,Romania,Romanian Lower League,57065309
AS FC Potlogi,FC Potlogi,Romania,Romanian Lower League,57065304
AS Berzasca,Berzasca,Romania,,57065284
Olimpia Rotunda,Ol. Rotunda,Romania,Romanian Lower League,57065267
Unirea Hanu Conachi,Hanu Conachi,Romania,Romanian Lower League,57065325
AS Gaz-Metan Daneş,Gaz-Metan Daneş,Romania,Romanian Lower League,57065505
Victoria Devesel,V. Devesel,Romania,Romanian Lower League,57065495
Libertatea Sălcioara,Lib. Sălcioara,Romania,Romanian Lower League,57065471
AS Zarandu Crişcior,Zarandu Crişcior,Romania,Romanian Lower League,57065455
CS Avântul Mircea Vodă,Av. Mircea Vodă,Romania,Romanian Lower League,57065239
AS Aurul Certej,Aurul Certej,Romania,Romanian Lower League,57065441
AS Universitatea Petroşani,U Petroşani,Romania,Romanian Lower League,57065439
Ştiinţa Peştişani,Peştişani,Romania,Romanian Lower League,57065435
AS Energetica Tismana,Energetica Tismana,Romania,Romanian Lower League,57065431
Viitorul Dumbrava Câlnic,Câlnic,Romania,Romanian Lower League,57065429
AS Metalul Crişcior,Metalul Crişcior,Romania,Romanian Lower League,57065457
AS Municipal Constanţa,Municipal C-ţa,Romania,Romanian Lower League,57053610
Utchim Găeşti,Utchim,Romania,Romanian Lower League,57053605
ACF Băban Marcel,Băban Marcel,Romania,,57050305
AS Noua Generaţie Măcin,Măcin,Romania,,57050241
Torpedo Zărneşti,Torpedo Zărneşti,Romania,Romanian Lower League,57050045
AS Avântul Frasin,Frasin,Romania,Romanian Lower League,57050030
CIL Sighet,,Romania,,57049994
Astra Răducăneni,Astra Răducăneni,Romania,Romanian Lower League,57049855
ACF Dunărea Zimnicea,Dunărea Zimnicea,Romania,,57057258
Bradul Roznov,,Romania,,57057251
CS Sopot,CS Sopot,Romania,Romanian Lower League,57057229
CS Unirea 1946 Floreşti,Unirea Floreşti,Romania,Romanian Lower League,57057225
CS Recolta Cislău,Recolta Cislău,Romania,Romanian Lower League,57057205
FC Tufeşti,FC Tufeşti,Romania,Romanian Lower League,57057199
CSŞ Tecuci,,Romania,,57057231
CS Progresul Gătaia,Progresul Gătaia,Romania,Romanian Lower League,57034149
Viitorul Muncel,Viitorul Muncel,Romania,Romanian Lower League,57049831
ACS Electrica 1929 Timişoara,Electrica Timişoara,Romania,Romanian Lower League,57032306
CSS Braşovia Braşov,CSS Braşovia,Romania,Romanian U19 National Championship Group 8,57031430
Sportul Studenţesc Iaşi,Sp. Stud. Iaşi,Romania,Romanian Lower League,57031387
ACS Agro Company Băcia,Agro Company,Romania,Romanian Lower League,57015796
AFC Metalul Filipeştii de Pădure,Filipeştii de Pădure,Romania,Romanian Lower League,57015199
CSM Făgăraş,,Romania,Romanian U19 National Championship Group 8,57035982
CS Avântul Conpet Cireşu,Conpet Cireşu,Romania,Romanian Lower League,57048723
Izvorul Cociuba Mare,Cociuba Mare,Romania,Romanian Lower League,57048719
CSM Dorna Vatra Dornei,Dorna V. Dornei,Romania,Romanian Lower League,57048691
Cetatea Apaţa 2009,Cetatea Apaţa,Romania,Romanian Lower League,57048670
AS Unirea Şeitin,Şeitin,Romania,Romanian Lower League,57048471
ACS Aqua Vest Arad,Aqua Vest,Romania,Romanian Lower League,57048463
CS Dorobanţi,,Romania,Romanian Lower League,57048460
ACS FC Chişoda,Chişoda,Romania,Romanian Lower League,57048144
Olimpia Căuaş,Olimpia Căuaş,Romania,Romanian Lower League,57048018
FC Zimandu Nou,FC Zimandu Nou,Romania,Romanian Lower League,57048602
Viitorul Popeşti,Vitorul Popeşti,Romania,Romanian Lower League,57061089
CS Damila Măciuca,Damila,Romania,Romanian Lower League,57057266
AS Voinţa Săcueni,Săcueni,Romania,Romanian Lower League,57061093
Cetatea Biharia,,Romania,Romanian Lower League,57061092
Victoria Avram Iancu,Avram Iancu,Romania,Romanian Lower League,57061090
CS Cuprirom Abrud,Cuprirom Abrud,Romania,Romanian Lower League,57061065
CS Arieşul Apuseni Baia de Arieş,Arieşul Apuseni,Romania,Romanian Lower League,57061064
Minerul Aninoasa,Min. Aninoasa,Romania,Romanian Lower League,57059847
AS Străduinţa Mihăileni,Mihăileni,Romania,Romanian Lower League,57059846
Grupul Şcolar Ion Bănescu Mangalia,GSIB Mangalia,Romania,Romanian Lower League,57059834
Dunărea Ostrov,Dun. Ostrov,Romania,Romanian Lower League,57059833
AFC Urleasca,,Romania,Romanian Lower League,57059832
FC Energia Unirea Feldioara,En. Feldioara,Romania,Romanian Lower League,57057616
LPS Vaslui,,Romania,Romanian U19 National Championship Group 2,57057282
Foresta Şendreni,Şendreni,Romania,Romanian Lower League,57059839
CS Domneşti (AG),CS Domneşti (AG),Romania,Romanian Lower League,57061075
AS Miroşi,AS Miroşi,Romania,Romanian Lower League,57061076
AS Flacăra Boteni,Flacăra Boteni,Romania,Romanian Lower League,57061074
AS Balomir Acmariu,Balomir,Romania,Romanian Lower League,57061068
Rapid CFR Teiuş,,Romania,Romanian Lower League,57061066
ACS Petrosport Ploieşti,Petrosport Ploieşti,Romania,Romanian U19 National Championship Group 4,57172204
CSM Ploieşti,,Romania,Romanian U19 National Championship Group 4,57172201
CSS Şoimii Sibiu,,Romania,Romanian U19 National Championship Group 8,57172197
AFC Gloria Junior,Gloria Junior,Romania,Romanian U19 National Championship Group 10,57172182
ACS Atletic Zalău,Atletic Zalău,Romania,Romanian U19 National Championship Group 11,57172178
ACS Luceafărul Drobeta,Luceafărul Drobeta,Romania,Romanian U19 National Championship Group 7,57172171
FC Star Sport Argeş,,Romania,,57172207
ACS FC Delta Dobrogea Tulcea II,Delta Dobrogea II,Romania,,57191039
ACS Industria Galda II,Industria Galda II,Romania,Romanian Lower League,57207437
CS Flacăra Parţa,Flacăra Parţa,Romania,Romanian Lower League,57191003
ACS Unirea Scânteia,,Romania,Romanian Lower League,57174519
ACS Voinţa Hurez,Voinţa Hurez,Romania,Romanian Lower League,57172388
ACS Viitorul Argeş Alexandru Duminică,Viitorul Argeş,Romania,Romanian U19 National Championship Group 5,57172210
Academica Balş,,Romania,,57191014
Egri Sasok Agriş,,Romania,Romanian Lower League,57191024
ACS Coada Izvorului,Coada Izvorului,Romania,Romanian Lower League,57171290
CF Metalurgistul Cugir 1939 II,Metalurgistul Cugir II,Romania,Romanian Lower League,57171579
Avântul Golăieşti,,Romania,Romanian Lower League,57171160
ACS Pro Team,Pro Team,Romania,Romanian U19 National Championship Group 3,57172144
ACS Victoria 2010,Victoria 2010,Romania,,57172147
AS Viitorul Răzvad,,Romania,Romanian Fourth League Dâmboviţa,57211646
AS Tartód Vârşag,Tartód Vârşag,Romania,Romanian Lower League,57190794
CS Gloria Lunca Teuz Cermei II,Lunca Teuz II,Romania,Romanian Lower League,57185024
CS Sporting Recea,Sporting Recea,Romania,Romanian Lower League,57189839
Sporting Zalău,,Romania,Romanian Lower League,57181539
AS CS Farul Constanţa,FC Farul,Romania,,57187798
ACS Atletico Junior Bacău,,Romania,,57189776
CSM Târgu Mureş,,Romania,,57189760
FC Unirea Dej II,Unirea Dej II,Romania,Romanian Lower League,57189664
ACS Viitorul 2014 Soporu de Câmpie,Soporu de Câmpie,Romania,Romanian Lower League,57189663
Gloria Româneşti,,Romania,Romanian Lower League,57188334
Dacia Mihalţ,,Romania,Romanian Lower League,57188096
ACS Kids Tâmpa Braşov,Kids Tâmpa Braşov,Romania,Romanian U19 Top League West,57187799
Unirea Teleajean Ploieşti,Teleajean Ploieşti,Romania,Romanian Lower League,57175567
CSO Măgura Slănic,Slănic,Romania,Romanian Lower League,57175562
ACS Pro Giurgiu,Pro Giurgiu,Romania,,57175292
AS Olteţu Bălceşti 2014,Olteţu Bălceşti,Romania,Romanian Lower League,57175153
Viitorul Umbrăreşti,,Romania,Romanian Lower League,57175033
ACS Stăruinţa Zagon,Stăruinţa Zagon,Romania,,57174876
ACS Moara Domnească,Moara Domnească,Romania,Romanian Lower League,57190751
AS Copşa Mică,,Romania,Romanian Lower League,57175611
ACS Unirea Vela,Unirea Vela,Romania,Romanian Lower League,57190463
CSS Drobeta Turnu Severin,CSS Drobeta,Romania,Romanian U19 National Championship Group 7,57161640
LPS Cluj-Napoca,,Romania,Romanian U19 National Championship Group 11,57161702
FC Mara 2010 Baia Mare,Mara 2010 Baia Mare,Romania,,57161700
CSS LT Lucian Blaga Reghin,LT Lucian Blaga,Romania,Romanian U19 National Championship Group 10,57161697
LPS Bihorul Oradea,LPS Bihor,Romania,Romanian U19 Top League West,57161637
CS Şoimii Lipova II,Şoimii Lipova II,Romania,Romanian Lower League,57208281
CSS 2 Baia Mare,,Romania,Romanian U19 National Championship Group 11,57161704
ACSO Filiaşi II,,Romania,Romanian Lower League,57208356
LPS Iaşi,,Romania,Romanian U19 National Championship Group 1,57161652
LPS Satu Mare,,Romania,Romanian U19 National Championship Group 11,57161631
LPS Slatina,,Romania,Romanian U19 National Championship Group 6,57161682
LPS Bacău,,Romania,Romanian U19 National Championship Group 2,57161656
FC Buzău,FC Buzău,Romania,Romanian Lower League,57161868
AS Steluţa Bălănoaia,Steluţa Bălănoaia,Romania,Romanian Lower League,57161856
AS FC Ceres Min Ceamurlia de Jos,Ceamurlia de Jos,Romania,,57211612
CSS Târgovişte,,Romania,Romanian U19 National Championship Group 5,57161672
CSS Craiova,,Romania,Romanian U19 National Championship Group 6,57161683
LPS Sebeş,,Romania,Romanian U19 National Championship Group 10,57161685
CN Gib Mihăescu Drăgăşani,Gib Mihăescu Drăgăşani,Romania,Romanian Lower League,57161678
LPS Viitorul Piteşti,,Romania,Romanian U19 National Championship Group 5,57161680
LPS Târgu Jiu,,Romania,Romanian U19 National Championship Group 7,57161684
Liceul Regina Maria CSS Dorohoi,CSS Dorohoi,Romania,Romanian Lower League,57161657
LPS Târgu Mureş,,Romania,Romanian U19 National Championship Group 10,57161693
LPS Galaţi,,Romania,Romanian U19 National Championship Group 2,57161660
Liceul Teoretic Ştefan cel Mare,Liceul Ştefan cel Mare,Romania,Romanian Lower League,57161663
LPS Bistriţa,,Romania,Romanian U19 National Championship Group 10,57161691
ACS Şomuz Fălticeni II,Şomuz Fălticeni II,Romania,Romanian Lower League,57208812
CSS Lugoj,,Romania,Romanian U19 National Championship Group 9,57161689
ACS Performer Constanţa,Performer Constanţa,Romania,,57161665
CSS Caransebeş,,Romania,Romanian U19 National Championship Group 9,57161688
LPS Focşani,,Romania,Romanian U19 National Championship Group 2,57161661
ACS Young Steaua Alexandria,,Romania,,57169114
AS Gloria Frumoasa,Gloria Frumoasa,Romania,Romanian Lower League,57168352
AS SC Rapid,SC Rapid,Romania,Romanian Lower League,57161241
ACS Prosport Academy,Prosport Academy,Romania,Romanian U19 National Championship Group 4,57208103
AS Unirea Urmeniş,Unirea Urmeniş,Romania,Romanian Lower League,57210321
Club Sportiv Municipal Galaţi,CSM Galaţi,Romania,Romanian U19 National Championship Group 2,57208093
AS Voinţa Dipşa,Voinţa Dipşa,Romania,Romanian Lower League,57210326
AS FC Bazoşu Vechi,Bazoşu Vechi,Romania,Romanian Lower League,57169592
SCM Râmnicu Vâlcea,,Romania,Romanian U19 National Championship Group 7,57170885
Academia Ladislau Brosovzsky,,Romania,,57167480
ACS Viitorul Cluj Junior,Viitorul Cluj,Romania,Romanian U19 National Championship Group 11,57208120
AS Voinţa Matei,Voinţa Matei,Romania,Romanian Lower League,57210315
Academia de Fotbal Farul Constanţa,Academia Farul,Romania,,57161623
ASU Politehnica Timişoara II,ASU Politehnica II,Romania,Romanian Lower League,57162247
CS Alma Sibiu,Alma Sibiu,Romania,Romanian U19 National Championship Group 8,57208115
CS Beliu,,Romania,Romanian Fourth League Arad,57210066
AS Târgu Ocna,Târgu Ocna,Romania,,57061082